ISO-10303-21;
HEADER;
/* Generated by software containing ST-Developer
 * from STEP Tools, Inc. (www.steptools.com) 
 */

FILE_DESCRIPTION(
/* description */ (''),
/* implementation_level */ '2;1');

FILE_NAME(
/* name */ 'Ceiling Fan.step',
/* time_stamp */ '2026-03-22T22:02:30+05:30',
/* author */ (''),
/* organization */ (''),
/* preprocessor_version */ 'ST-DEVELOPER v20.1',
/* originating_system */ 'Autodesk Translation Framework v14.24.0.0',
/* authorisation */ '');

FILE_SCHEMA (('AUTOMOTIVE_DESIGN { 1 0 10303 214 3 1 1 }'));
ENDSEC;

DATA;
#10=MECHANICAL_DESIGN_GEOMETRIC_PRESENTATION_REPRESENTATION('',(#37,#38,
#39),#2187);
#11=ITEM_DEFINED_TRANSFORMATION($,$,#1263,#1384);
#12=ITEM_DEFINED_TRANSFORMATION($,$,#1226,#1385);
#13=ITEM_DEFINED_TRANSFORMATION($,$,#1263,#1386);
#14=ITEM_DEFINED_TRANSFORMATION($,$,#1263,#1387);
#15=ITEM_DEFINED_TRANSFORMATION($,$,#1378,#1388);
#16=(
REPRESENTATION_RELATIONSHIP($,$,#2207,#2205)
REPRESENTATION_RELATIONSHIP_WITH_TRANSFORMATION(#11)
SHAPE_REPRESENTATION_RELATIONSHIP()
);
#17=(
REPRESENTATION_RELATIONSHIP($,$,#2206,#2205)
REPRESENTATION_RELATIONSHIP_WITH_TRANSFORMATION(#12)
SHAPE_REPRESENTATION_RELATIONSHIP()
);
#18=(
REPRESENTATION_RELATIONSHIP($,$,#2207,#2205)
REPRESENTATION_RELATIONSHIP_WITH_TRANSFORMATION(#13)
SHAPE_REPRESENTATION_RELATIONSHIP()
);
#19=(
REPRESENTATION_RELATIONSHIP($,$,#2207,#2205)
REPRESENTATION_RELATIONSHIP_WITH_TRANSFORMATION(#14)
SHAPE_REPRESENTATION_RELATIONSHIP()
);
#20=(
REPRESENTATION_RELATIONSHIP($,$,#2208,#2205)
REPRESENTATION_RELATIONSHIP_WITH_TRANSFORMATION(#15)
SHAPE_REPRESENTATION_RELATIONSHIP()
);
#21=CONTEXT_DEPENDENT_SHAPE_REPRESENTATION(#16,#2200);
#22=CONTEXT_DEPENDENT_SHAPE_REPRESENTATION(#17,#2201);
#23=CONTEXT_DEPENDENT_SHAPE_REPRESENTATION(#18,#2202);
#24=CONTEXT_DEPENDENT_SHAPE_REPRESENTATION(#19,#2203);
#25=CONTEXT_DEPENDENT_SHAPE_REPRESENTATION(#20,#2204);
#26=NEXT_ASSEMBLY_USAGE_OCCURRENCE('blade:1','blade:1','blade:1',#2210,
#2212,'blade:1');
#27=NEXT_ASSEMBLY_USAGE_OCCURRENCE('Circular ring:1','Circular ring:1',
'Circular ring:1',#2210,#2211,'Circular ring:1');
#28=NEXT_ASSEMBLY_USAGE_OCCURRENCE('blade:4','blade:4','blade:4',#2210,
#2212,'blade:4');
#29=NEXT_ASSEMBLY_USAGE_OCCURRENCE('blade:5','blade:5','blade:5',#2210,
#2212,'blade:5');
#30=NEXT_ASSEMBLY_USAGE_OCCURRENCE('ConRod:1','ConRod:1','ConRod:1',#2210,
#2213,'ConRod:1');
#31=SHAPE_REPRESENTATION_RELATIONSHIP('SRR','None',#2206,#34);
#32=SHAPE_REPRESENTATION_RELATIONSHIP('SRR','None',#2207,#35);
#33=SHAPE_REPRESENTATION_RELATIONSHIP('SRR','None',#2208,#36);
#34=ADVANCED_BREP_SHAPE_REPRESENTATION('',(#40),#2184);
#35=ADVANCED_BREP_SHAPE_REPRESENTATION('',(#41),#2185);
#36=ADVANCED_BREP_SHAPE_REPRESENTATION('',(#42),#2186);
#37=STYLED_ITEM('',(#2229),#40);
#38=STYLED_ITEM('',(#2229),#41);
#39=STYLED_ITEM('',(#2229),#42);
#40=MANIFOLD_SOLID_BREP('Body1',#1188);
#41=MANIFOLD_SOLID_BREP('Body2',#1189);
#42=MANIFOLD_SOLID_BREP('Body1',#1190);
#43=CYLINDRICAL_SURFACE('',#1241,75.);
#44=CYLINDRICAL_SURFACE('',#1269,0.125);
#45=CYLINDRICAL_SURFACE('',#1275,0.125);
#46=CYLINDRICAL_SURFACE('',#1281,0.125);
#47=CYLINDRICAL_SURFACE('',#1287,0.125);
#48=CYLINDRICAL_SURFACE('',#1293,0.125);
#49=CYLINDRICAL_SURFACE('',#1299,0.125);
#50=CYLINDRICAL_SURFACE('',#1305,0.125);
#51=CYLINDRICAL_SURFACE('',#1311,0.125);
#52=CYLINDRICAL_SURFACE('',#1313,6.);
#53=CYLINDRICAL_SURFACE('',#1316,6.);
#54=CYLINDRICAL_SURFACE('',#1319,6.);
#55=CYLINDRICAL_SURFACE('',#1322,6.);
#56=CYLINDRICAL_SURFACE('',#1330,0.125);
#57=CYLINDRICAL_SURFACE('',#1335,0.125);
#58=CYLINDRICAL_SURFACE('',#1340,0.125);
#59=CYLINDRICAL_SURFACE('',#1345,0.125);
#60=CYLINDRICAL_SURFACE('',#1350,0.125);
#61=CYLINDRICAL_SURFACE('',#1356,0.125);
#62=CYLINDRICAL_SURFACE('',#1362,0.125);
#63=CYLINDRICAL_SURFACE('',#1368,0.125);
#64=CYLINDRICAL_SURFACE('',#1369,6.);
#65=CYLINDRICAL_SURFACE('',#1371,6.);
#66=CYLINDRICAL_SURFACE('',#1373,8.);
#67=CYLINDRICAL_SURFACE('',#1375,8.);
#68=CYLINDRICAL_SURFACE('',#1379,9.25);
#69=LINE('',#1863,#149);
#70=LINE('',#1865,#150);
#71=LINE('',#1867,#151);
#72=LINE('',#1868,#152);
#73=LINE('',#1871,#153);
#74=LINE('',#1872,#154);
#75=LINE('',#1875,#155);
#76=LINE('',#1877,#156);
#77=LINE('',#1878,#157);
#78=LINE('',#1882,#158);
#79=LINE('',#1885,#159);
#80=LINE('',#1887,#160);
#81=LINE('',#1890,#161);
#82=LINE('',#1893,#162);
#83=LINE('',#1896,#163);
#84=LINE('',#1898,#164);
#85=LINE('',#1899,#165);
#86=LINE('',#1902,#166);
#87=LINE('',#1903,#167);
#88=LINE('',#1911,#168);
#89=LINE('',#1915,#169);
#90=LINE('',#1917,#170);
#91=LINE('',#1918,#171);
#92=LINE('',#1921,#172);
#93=LINE('',#1922,#173);
#94=LINE('',#1925,#174);
#95=LINE('',#1926,#175);
#96=LINE('',#1928,#176);
#97=LINE('',#1932,#177);
#98=LINE('',#1933,#178);
#99=LINE('',#1935,#179);
#100=LINE('',#1951,#180);
#101=LINE('',#1952,#181);
#102=LINE('',#1963,#182);
#103=LINE('',#1964,#183);
#104=LINE('',#1975,#184);
#105=LINE('',#1976,#185);
#106=LINE('',#1987,#186);
#107=LINE('',#1988,#187);
#108=LINE('',#1999,#188);
#109=LINE('',#2000,#189);
#110=LINE('',#2011,#190);
#111=LINE('',#2012,#191);
#112=LINE('',#2023,#192);
#113=LINE('',#2024,#193);
#114=LINE('',#2032,#194);
#115=LINE('',#2033,#195);
#116=LINE('',#2036,#196);
#117=LINE('',#2038,#197);
#118=LINE('',#2039,#198);
#119=LINE('',#2042,#199);
#120=LINE('',#2046,#200);
#121=LINE('',#2047,#201);
#122=LINE('',#2050,#202);
#123=LINE('',#2054,#203);
#124=LINE('',#2055,#204);
#125=LINE('',#2058,#205);
#126=LINE('',#2062,#206);
#127=LINE('',#2063,#207);
#128=LINE('',#2066,#208);
#129=LINE('',#2081,#209);
#130=LINE('',#2082,#210);
#131=LINE('',#2090,#211);
#132=LINE('',#2098,#212);
#133=LINE('',#2106,#213);
#134=LINE('',#2114,#214);
#135=LINE('',#2125,#215);
#136=LINE('',#2126,#216);
#137=LINE('',#2137,#217);
#138=LINE('',#2138,#218);
#139=LINE('',#2146,#219);
#140=LINE('',#2147,#220);
#141=LINE('',#2149,#221);
#142=LINE('',#2151,#222);
#143=LINE('',#2153,#223);
#144=LINE('',#2155,#224);
#145=LINE('',#2157,#225);
#146=LINE('',#2159,#226);
#147=LINE('',#2161,#227);
#148=LINE('',#2169,#228);
#149=VECTOR('',#1417,10.);
#150=VECTOR('',#1418,10.);
#151=VECTOR('',#1419,10.);
#152=VECTOR('',#1420,10.);
#153=VECTOR('',#1423,10.);
#154=VECTOR('',#1424,10.);
#155=VECTOR('',#1427,10.);
#156=VECTOR('',#1428,10.);
#157=VECTOR('',#1429,10.);
#158=VECTOR('',#1434,10.);
#159=VECTOR('',#1437,10.);
#160=VECTOR('',#1438,75.);
#161=VECTOR('',#1441,10.);
#162=VECTOR('',#1444,10.);
#163=VECTOR('',#1447,10.);
#164=VECTOR('',#1448,10.);
#165=VECTOR('',#1449,10.);
#166=VECTOR('',#1452,10.);
#167=VECTOR('',#1453,10.);
#168=VECTOR('',#1466,10.);
#169=VECTOR('',#1471,10.);
#170=VECTOR('',#1472,10.);
#171=VECTOR('',#1473,10.);
#172=VECTOR('',#1476,10.);
#173=VECTOR('',#1477,10.);
#174=VECTOR('',#1480,10.);
#175=VECTOR('',#1481,10.);
#176=VECTOR('',#1484,10.);
#177=VECTOR('',#1489,10.);
#178=VECTOR('',#1490,10.);
#179=VECTOR('',#1493,10.);
#180=VECTOR('',#1512,10.);
#181=VECTOR('',#1513,10.);
#182=VECTOR('',#1526,10.);
#183=VECTOR('',#1527,10.);
#184=VECTOR('',#1540,10.);
#185=VECTOR('',#1541,10.);
#186=VECTOR('',#1554,10.);
#187=VECTOR('',#1555,10.);
#188=VECTOR('',#1568,10.);
#189=VECTOR('',#1569,10.);
#190=VECTOR('',#1582,10.);
#191=VECTOR('',#1583,10.);
#192=VECTOR('',#1596,10.);
#193=VECTOR('',#1597,10.);
#194=VECTOR('',#1608,10.);
#195=VECTOR('',#1609,10.);
#196=VECTOR('',#1612,10.);
#197=VECTOR('',#1613,10.);
#198=VECTOR('',#1614,10.);
#199=VECTOR('',#1617,10.);
#200=VECTOR('',#1622,10.);
#201=VECTOR('',#1623,10.);
#202=VECTOR('',#1626,10.);
#203=VECTOR('',#1631,10.);
#204=VECTOR('',#1632,10.);
#205=VECTOR('',#1635,10.);
#206=VECTOR('',#1640,10.);
#207=VECTOR('',#1641,10.);
#208=VECTOR('',#1644,10.);
#209=VECTOR('',#1663,10.);
#210=VECTOR('',#1664,10.);
#211=VECTOR('',#1675,10.);
#212=VECTOR('',#1686,10.);
#213=VECTOR('',#1697,10.);
#214=VECTOR('',#1708,10.);
#215=VECTOR('',#1721,10.);
#216=VECTOR('',#1722,10.);
#217=VECTOR('',#1735,10.);
#218=VECTOR('',#1736,10.);
#219=VECTOR('',#1747,10.);
#220=VECTOR('',#1748,10.);
#221=VECTOR('',#1751,10.);
#222=VECTOR('',#1754,10.);
#223=VECTOR('',#1757,10.);
#224=VECTOR('',#1760,10.);
#225=VECTOR('',#1763,10.);
#226=VECTOR('',#1766,10.);
#227=VECTOR('',#1769,10.);
#228=VECTOR('',#1780,9.25);
#229=PLANE('',#1238);
#230=PLANE('',#1239);
#231=PLANE('',#1240);
#232=PLANE('',#1246);
#233=PLANE('',#1247);
#234=PLANE('',#1248);
#235=PLANE('',#1252);
#236=PLANE('',#1253);
#237=PLANE('',#1254);
#238=PLANE('',#1255);
#239=PLANE('',#1256);
#240=PLANE('',#1257);
#241=PLANE('',#1258);
#242=PLANE('',#1259);
#243=PLANE('',#1260);
#244=PLANE('',#1261);
#245=PLANE('',#1262);
#246=PLANE('',#1312);
#247=PLANE('',#1315);
#248=PLANE('',#1318);
#249=PLANE('',#1321);
#250=PLANE('',#1324);
#251=PLANE('',#1370);
#252=PLANE('',#1372);
#253=PLANE('',#1374);
#254=PLANE('',#1376);
#255=PLANE('',#1377);
#256=PLANE('',#1382);
#257=PLANE('',#1383);
#258=FACE_OUTER_BOUND('',#331,.T.);
#259=FACE_OUTER_BOUND('',#332,.T.);
#260=FACE_OUTER_BOUND('',#333,.T.);
#261=FACE_OUTER_BOUND('',#334,.T.);
#262=FACE_OUTER_BOUND('',#335,.T.);
#263=FACE_OUTER_BOUND('',#336,.T.);
#264=FACE_OUTER_BOUND('',#337,.T.);
#265=FACE_OUTER_BOUND('',#338,.T.);
#266=FACE_OUTER_BOUND('',#339,.T.);
#267=FACE_OUTER_BOUND('',#340,.T.);
#268=FACE_OUTER_BOUND('',#341,.T.);
#269=FACE_OUTER_BOUND('',#342,.T.);
#270=FACE_OUTER_BOUND('',#343,.T.);
#271=FACE_OUTER_BOUND('',#344,.T.);
#272=FACE_OUTER_BOUND('',#345,.T.);
#273=FACE_OUTER_BOUND('',#346,.T.);
#274=FACE_OUTER_BOUND('',#347,.T.);
#275=FACE_OUTER_BOUND('',#348,.T.);
#276=FACE_OUTER_BOUND('',#349,.T.);
#277=FACE_OUTER_BOUND('',#350,.T.);
#278=FACE_OUTER_BOUND('',#351,.T.);
#279=FACE_OUTER_BOUND('',#352,.T.);
#280=FACE_OUTER_BOUND('',#353,.T.);
#281=FACE_OUTER_BOUND('',#354,.T.);
#282=FACE_OUTER_BOUND('',#355,.T.);
#283=FACE_OUTER_BOUND('',#356,.T.);
#284=FACE_OUTER_BOUND('',#357,.T.);
#285=FACE_OUTER_BOUND('',#358,.T.);
#286=FACE_OUTER_BOUND('',#359,.T.);
#287=FACE_OUTER_BOUND('',#360,.T.);
#288=FACE_OUTER_BOUND('',#361,.T.);
#289=FACE_OUTER_BOUND('',#362,.T.);
#290=FACE_OUTER_BOUND('',#363,.T.);
#291=FACE_OUTER_BOUND('',#364,.T.);
#292=FACE_OUTER_BOUND('',#365,.T.);
#293=FACE_OUTER_BOUND('',#366,.T.);
#294=FACE_OUTER_BOUND('',#367,.T.);
#295=FACE_OUTER_BOUND('',#368,.T.);
#296=FACE_OUTER_BOUND('',#369,.T.);
#297=FACE_OUTER_BOUND('',#370,.T.);
#298=FACE_OUTER_BOUND('',#371,.T.);
#299=FACE_OUTER_BOUND('',#372,.T.);
#300=FACE_OUTER_BOUND('',#373,.T.);
#301=FACE_OUTER_BOUND('',#374,.T.);
#302=FACE_OUTER_BOUND('',#375,.T.);
#303=FACE_OUTER_BOUND('',#376,.T.);
#304=FACE_OUTER_BOUND('',#377,.T.);
#305=FACE_OUTER_BOUND('',#378,.T.);
#306=FACE_OUTER_BOUND('',#379,.T.);
#307=FACE_OUTER_BOUND('',#380,.T.);
#308=FACE_OUTER_BOUND('',#381,.T.);
#309=FACE_OUTER_BOUND('',#382,.T.);
#310=FACE_OUTER_BOUND('',#383,.T.);
#311=FACE_OUTER_BOUND('',#384,.T.);
#312=FACE_OUTER_BOUND('',#385,.T.);
#313=FACE_OUTER_BOUND('',#386,.T.);
#314=FACE_OUTER_BOUND('',#387,.T.);
#315=FACE_OUTER_BOUND('',#388,.T.);
#316=FACE_OUTER_BOUND('',#389,.T.);
#317=FACE_OUTER_BOUND('',#390,.T.);
#318=FACE_OUTER_BOUND('',#391,.T.);
#319=FACE_OUTER_BOUND('',#392,.T.);
#320=FACE_OUTER_BOUND('',#393,.T.);
#321=FACE_OUTER_BOUND('',#394,.T.);
#322=FACE_OUTER_BOUND('',#395,.T.);
#323=FACE_OUTER_BOUND('',#396,.T.);
#324=FACE_OUTER_BOUND('',#397,.T.);
#325=FACE_OUTER_BOUND('',#398,.T.);
#326=FACE_OUTER_BOUND('',#399,.T.);
#327=FACE_OUTER_BOUND('',#400,.T.);
#328=FACE_OUTER_BOUND('',#401,.T.);
#329=FACE_OUTER_BOUND('',#402,.T.);
#330=FACE_OUTER_BOUND('',#403,.T.);
#331=EDGE_LOOP('',(#761,#762,#763,#764,#765,#766,#767,#768,#769,#770,#771,
#772,#773,#774,#775,#776,#777));
#332=EDGE_LOOP('',(#778,#779,#780,#781,#782));
#333=EDGE_LOOP('',(#783,#784,#785,#786));
#334=EDGE_LOOP('',(#787,#788,#789,#790,#791));
#335=EDGE_LOOP('',(#792,#793,#794,#795,#796,#797,#798,#799,#800,#801,#802,
#803,#804,#805,#806,#807,#808));
#336=EDGE_LOOP('',(#809,#810,#811,#812,#813));
#337=EDGE_LOOP('',(#814,#815,#816,#817));
#338=EDGE_LOOP('',(#818));
#339=EDGE_LOOP('',(#819,#820,#821,#822));
#340=EDGE_LOOP('',(#823));
#341=EDGE_LOOP('',(#824,#825,#826,#827));
#342=EDGE_LOOP('',(#828,#829,#830,#831));
#343=EDGE_LOOP('',(#832,#833,#834,#835));
#344=EDGE_LOOP('',(#836,#837,#838,#839,#840));
#345=EDGE_LOOP('',(#841,#842,#843,#844,#845));
#346=EDGE_LOOP('',(#846,#847,#848,#849));
#347=EDGE_LOOP('',(#850,#851,#852,#853));
#348=EDGE_LOOP('',(#854,#855,#856,#857,#858));
#349=EDGE_LOOP('',(#859,#860,#861,#862));
#350=EDGE_LOOP('',(#863,#864,#865,#866));
#351=EDGE_LOOP('',(#867,#868,#869,#870));
#352=EDGE_LOOP('',(#871,#872,#873,#874));
#353=EDGE_LOOP('',(#875,#876,#877,#878));
#354=EDGE_LOOP('',(#879,#880,#881,#882));
#355=EDGE_LOOP('',(#883,#884,#885,#886));
#356=EDGE_LOOP('',(#887,#888,#889,#890));
#357=EDGE_LOOP('',(#891,#892,#893,#894));
#358=EDGE_LOOP('',(#895,#896,#897,#898));
#359=EDGE_LOOP('',(#899,#900,#901,#902));
#360=EDGE_LOOP('',(#903,#904,#905,#906));
#361=EDGE_LOOP('',(#907,#908,#909,#910));
#362=EDGE_LOOP('',(#911,#912,#913,#914));
#363=EDGE_LOOP('',(#915,#916,#917,#918));
#364=EDGE_LOOP('',(#919,#920,#921,#922));
#365=EDGE_LOOP('',(#923,#924,#925,#926));
#366=EDGE_LOOP('',(#927,#928,#929,#930));
#367=EDGE_LOOP('',(#931,#932,#933,#934));
#368=EDGE_LOOP('',(#935,#936,#937,#938));
#369=EDGE_LOOP('',(#939,#940,#941,#942));
#370=EDGE_LOOP('',(#943,#944,#945,#946));
#371=EDGE_LOOP('',(#947,#948,#949,#950));
#372=EDGE_LOOP('',(#951,#952,#953,#954));
#373=EDGE_LOOP('',(#955,#956,#957,#958));
#374=EDGE_LOOP('',(#959,#960,#961,#962));
#375=EDGE_LOOP('',(#963,#964,#965,#966,#967,#968,#969,#970,#971,#972,#973,
#974,#975,#976,#977,#978));
#376=EDGE_LOOP('',(#979,#980,#981,#982));
#377=EDGE_LOOP('',(#983,#984,#985,#986));
#378=EDGE_LOOP('',(#987,#988,#989,#990));
#379=EDGE_LOOP('',(#991,#992,#993,#994));
#380=EDGE_LOOP('',(#995,#996,#997,#998));
#381=EDGE_LOOP('',(#999,#1000,#1001,#1002));
#382=EDGE_LOOP('',(#1003,#1004,#1005,#1006));
#383=EDGE_LOOP('',(#1007,#1008,#1009,#1010));
#384=EDGE_LOOP('',(#1011,#1012,#1013,#1014));
#385=EDGE_LOOP('',(#1015,#1016,#1017,#1018));
#386=EDGE_LOOP('',(#1019,#1020,#1021,#1022));
#387=EDGE_LOOP('',(#1023,#1024,#1025,#1026));
#388=EDGE_LOOP('',(#1027,#1028,#1029,#1030));
#389=EDGE_LOOP('',(#1031,#1032,#1033,#1034));
#390=EDGE_LOOP('',(#1035,#1036,#1037,#1038));
#391=EDGE_LOOP('',(#1039,#1040,#1041,#1042));
#392=EDGE_LOOP('',(#1043,#1044,#1045,#1046));
#393=EDGE_LOOP('',(#1047,#1048,#1049,#1050));
#394=EDGE_LOOP('',(#1051,#1052,#1053,#1054));
#395=EDGE_LOOP('',(#1055,#1056,#1057,#1058));
#396=EDGE_LOOP('',(#1059,#1060,#1061,#1062));
#397=EDGE_LOOP('',(#1063,#1064,#1065,#1066));
#398=EDGE_LOOP('',(#1067,#1068,#1069,#1070));
#399=EDGE_LOOP('',(#1071,#1072,#1073,#1074,#1075,#1076,#1077,#1078,#1079,
#1080,#1081,#1082,#1083,#1084,#1085,#1086));
#400=EDGE_LOOP('',(#1087,#1088,#1089,#1090));
#401=EDGE_LOOP('',(#1091,#1092,#1093,#1094));
#402=EDGE_LOOP('',(#1095));
#403=EDGE_LOOP('',(#1096));
#404=B_SPLINE_CURVE_WITH_KNOTS('',3,(#1807,#1808,#1809,#1810,#1811,#1812),
 .UNSPECIFIED.,.F.,.F.,(4,2,4),(0.,0.147380545400951,0.189570006462035),
 .UNSPECIFIED.);
#405=B_SPLINE_CURVE_WITH_KNOTS('',3,(#1816,#1817,#1818,#1819,#1820,#1821),
 .UNSPECIFIED.,.F.,.F.,(4,2,4),(-0.189570006462036,-0.147380545400951,0.),
 .UNSPECIFIED.);
#406=B_SPLINE_CURVE_WITH_KNOTS('',3,(#1825,#1826,#1827,#1828,#1829,#1830),
 .UNSPECIFIED.,.F.,.F.,(4,2,4),(0.,0.147380545400951,0.189570006462036),
 .UNSPECIFIED.);
#407=B_SPLINE_CURVE_WITH_KNOTS('',3,(#1834,#1835,#1836,#1837,#1838,#1839),
 .UNSPECIFIED.,.F.,.F.,(4,2,4),(-0.189570006462036,-0.147380545400951,0.),
 .UNSPECIFIED.);
#408=B_SPLINE_CURVE_WITH_KNOTS('',3,(#1845,#1846,#1847,#1848,#1849,#1850),
 .UNSPECIFIED.,.F.,.F.,(4,2,4),(0.,0.147380545400952,0.189570006462036),
 .UNSPECIFIED.);
#409=B_SPLINE_CURVE_WITH_KNOTS('',3,(#1854,#1855,#1856,#1857,#1858,#1859),
 .UNSPECIFIED.,.F.,.F.,(4,2,4),(-0.189570006462036,-0.147380545400952,0.),
 .UNSPECIFIED.);
#410=CIRCLE('',#1228,67.);
#411=CIRCLE('',#1229,8.);
#412=CIRCLE('',#1230,75.);
#413=CIRCLE('',#1231,74.7459666924148);
#414=CIRCLE('',#1232,75.);
#415=CIRCLE('',#1233,74.7459666924148);
#416=CIRCLE('',#1234,75.);
#417=CIRCLE('',#1235,75.);
#418=CIRCLE('',#1236,74.7459666924148);
#419=CIRCLE('',#1237,75.);
#420=CIRCLE('',#1242,75.);
#421=CIRCLE('',#1243,75.);
#422=CIRCLE('',#1244,75.);
#423=CIRCLE('',#1245,75.);
#424=CIRCLE('',#1250,67.);
#425=CIRCLE('',#1251,8.);
#426=CIRCLE('',#1265,0.124999999999962);
#427=CIRCLE('',#1266,5.875);
#428=CIRCLE('',#1267,0.125);
#429=CIRCLE('',#1268,6.);
#430=CIRCLE('',#1270,0.125);
#431=CIRCLE('',#1272,0.125);
#432=CIRCLE('',#1273,8.);
#433=CIRCLE('',#1274,7.875);
#434=CIRCLE('',#1276,0.125);
#435=CIRCLE('',#1278,0.125);
#436=CIRCLE('',#1279,8.);
#437=CIRCLE('',#1280,7.875);
#438=CIRCLE('',#1282,0.125);
#439=CIRCLE('',#1284,0.125);
#440=CIRCLE('',#1285,6.);
#441=CIRCLE('',#1286,5.875);
#442=CIRCLE('',#1288,0.125);
#443=CIRCLE('',#1290,0.125);
#444=CIRCLE('',#1291,6.);
#445=CIRCLE('',#1292,6.125);
#446=CIRCLE('',#1294,0.125);
#447=CIRCLE('',#1296,0.125);
#448=CIRCLE('',#1297,6.);
#449=CIRCLE('',#1298,5.875);
#450=CIRCLE('',#1300,0.125);
#451=CIRCLE('',#1302,0.125);
#452=CIRCLE('',#1303,6.);
#453=CIRCLE('',#1304,5.875);
#454=CIRCLE('',#1306,0.125);
#455=CIRCLE('',#1308,0.125);
#456=CIRCLE('',#1309,6.);
#457=CIRCLE('',#1310,6.125);
#458=CIRCLE('',#1314,6.);
#459=CIRCLE('',#1317,6.);
#460=CIRCLE('',#1320,6.);
#461=CIRCLE('',#1323,6.);
#462=CIRCLE('',#1326,0.125000000000028);
#463=CIRCLE('',#1327,7.875);
#464=CIRCLE('',#1328,0.125);
#465=CIRCLE('',#1329,8.);
#466=CIRCLE('',#1331,0.125);
#467=CIRCLE('',#1333,0.125);
#468=CIRCLE('',#1334,5.875);
#469=CIRCLE('',#1336,0.125);
#470=CIRCLE('',#1338,0.125);
#471=CIRCLE('',#1339,6.125);
#472=CIRCLE('',#1341,0.125);
#473=CIRCLE('',#1343,0.125);
#474=CIRCLE('',#1344,5.875);
#475=CIRCLE('',#1346,0.125);
#476=CIRCLE('',#1348,0.125);
#477=CIRCLE('',#1349,5.875);
#478=CIRCLE('',#1351,0.125);
#479=CIRCLE('',#1353,0.125);
#480=CIRCLE('',#1354,6.);
#481=CIRCLE('',#1355,6.125);
#482=CIRCLE('',#1357,0.125);
#483=CIRCLE('',#1359,0.125);
#484=CIRCLE('',#1360,6.);
#485=CIRCLE('',#1361,5.875);
#486=CIRCLE('',#1363,0.125);
#487=CIRCLE('',#1365,0.125);
#488=CIRCLE('',#1366,8.);
#489=CIRCLE('',#1367,7.875);
#490=CIRCLE('',#1380,9.25);
#491=CIRCLE('',#1381,9.25);
#492=VERTEX_POINT('',#1800);
#493=VERTEX_POINT('',#1802);
#494=VERTEX_POINT('',#1804);
#495=VERTEX_POINT('',#1806);
#496=VERTEX_POINT('',#1813);
#497=VERTEX_POINT('',#1815);
#498=VERTEX_POINT('',#1822);
#499=VERTEX_POINT('',#1824);
#500=VERTEX_POINT('',#1831);
#501=VERTEX_POINT('',#1833);
#502=VERTEX_POINT('',#1840);
#503=VERTEX_POINT('',#1842);
#504=VERTEX_POINT('',#1844);
#505=VERTEX_POINT('',#1851);
#506=VERTEX_POINT('',#1853);
#507=VERTEX_POINT('',#1862);
#508=VERTEX_POINT('',#1864);
#509=VERTEX_POINT('',#1866);
#510=VERTEX_POINT('',#1870);
#511=VERTEX_POINT('',#1874);
#512=VERTEX_POINT('',#1876);
#513=VERTEX_POINT('',#1881);
#514=VERTEX_POINT('',#1883);
#515=VERTEX_POINT('',#1886);
#516=VERTEX_POINT('',#1889);
#517=VERTEX_POINT('',#1891);
#518=VERTEX_POINT('',#1895);
#519=VERTEX_POINT('',#1897);
#520=VERTEX_POINT('',#1901);
#521=VERTEX_POINT('',#1906);
#522=VERTEX_POINT('',#1914);
#523=VERTEX_POINT('',#1916);
#524=VERTEX_POINT('',#1920);
#525=VERTEX_POINT('',#1924);
#526=VERTEX_POINT('',#1931);
#527=VERTEX_POINT('',#1939);
#528=VERTEX_POINT('',#1940);
#529=VERTEX_POINT('',#1942);
#530=VERTEX_POINT('',#1944);
#531=VERTEX_POINT('',#1948);
#532=VERTEX_POINT('',#1949);
#533=VERTEX_POINT('',#1954);
#534=VERTEX_POINT('',#1955);
#535=VERTEX_POINT('',#1960);
#536=VERTEX_POINT('',#1961);
#537=VERTEX_POINT('',#1966);
#538=VERTEX_POINT('',#1967);
#539=VERTEX_POINT('',#1972);
#540=VERTEX_POINT('',#1973);
#541=VERTEX_POINT('',#1978);
#542=VERTEX_POINT('',#1979);
#543=VERTEX_POINT('',#1984);
#544=VERTEX_POINT('',#1985);
#545=VERTEX_POINT('',#1990);
#546=VERTEX_POINT('',#1991);
#547=VERTEX_POINT('',#1996);
#548=VERTEX_POINT('',#1997);
#549=VERTEX_POINT('',#2002);
#550=VERTEX_POINT('',#2003);
#551=VERTEX_POINT('',#2008);
#552=VERTEX_POINT('',#2009);
#553=VERTEX_POINT('',#2014);
#554=VERTEX_POINT('',#2015);
#555=VERTEX_POINT('',#2020);
#556=VERTEX_POINT('',#2021);
#557=VERTEX_POINT('',#2026);
#558=VERTEX_POINT('',#2027);
#559=VERTEX_POINT('',#2035);
#560=VERTEX_POINT('',#2037);
#561=VERTEX_POINT('',#2041);
#562=VERTEX_POINT('',#2045);
#563=VERTEX_POINT('',#2049);
#564=VERTEX_POINT('',#2053);
#565=VERTEX_POINT('',#2057);
#566=VERTEX_POINT('',#2061);
#567=VERTEX_POINT('',#2065);
#568=VERTEX_POINT('',#2070);
#569=VERTEX_POINT('',#2071);
#570=VERTEX_POINT('',#2073);
#571=VERTEX_POINT('',#2075);
#572=VERTEX_POINT('',#2079);
#573=VERTEX_POINT('',#2084);
#574=VERTEX_POINT('',#2088);
#575=VERTEX_POINT('',#2092);
#576=VERTEX_POINT('',#2096);
#577=VERTEX_POINT('',#2100);
#578=VERTEX_POINT('',#2104);
#579=VERTEX_POINT('',#2108);
#580=VERTEX_POINT('',#2112);
#581=VERTEX_POINT('',#2116);
#582=VERTEX_POINT('',#2117);
#583=VERTEX_POINT('',#2122);
#584=VERTEX_POINT('',#2123);
#585=VERTEX_POINT('',#2128);
#586=VERTEX_POINT('',#2129);
#587=VERTEX_POINT('',#2134);
#588=VERTEX_POINT('',#2135);
#589=VERTEX_POINT('',#2140);
#590=VERTEX_POINT('',#2141);
#591=VERTEX_POINT('',#2166);
#592=VERTEX_POINT('',#2168);
#593=EDGE_CURVE('',#492,#492,#410,.T.);
#594=EDGE_CURVE('',#492,#493,#411,.T.);
#595=EDGE_CURVE('',#493,#494,#412,.T.);
#596=EDGE_CURVE('',#494,#495,#404,.T.);
#597=EDGE_CURVE('',#495,#496,#413,.T.);
#598=EDGE_CURVE('',#496,#497,#405,.T.);
#599=EDGE_CURVE('',#497,#498,#414,.T.);
#600=EDGE_CURVE('',#498,#499,#406,.T.);
#601=EDGE_CURVE('',#499,#500,#415,.T.);
#602=EDGE_CURVE('',#500,#501,#407,.T.);
#603=EDGE_CURVE('',#501,#502,#416,.T.);
#604=EDGE_CURVE('',#502,#503,#417,.T.);
#605=EDGE_CURVE('',#503,#504,#408,.T.);
#606=EDGE_CURVE('',#504,#505,#418,.T.);
#607=EDGE_CURVE('',#505,#506,#409,.T.);
#608=EDGE_CURVE('',#506,#493,#419,.T.);
#609=EDGE_CURVE('',#496,#507,#69,.T.);
#610=EDGE_CURVE('',#507,#508,#70,.T.);
#611=EDGE_CURVE('',#509,#508,#71,.T.);
#612=EDGE_CURVE('',#497,#509,#72,.T.);
#613=EDGE_CURVE('',#495,#510,#73,.T.);
#614=EDGE_CURVE('',#510,#507,#74,.T.);
#615=EDGE_CURVE('',#511,#494,#75,.T.);
#616=EDGE_CURVE('',#511,#512,#76,.T.);
#617=EDGE_CURVE('',#512,#510,#77,.T.);
#618=EDGE_CURVE('',#509,#511,#420,.T.);
#619=EDGE_CURVE('',#506,#513,#78,.T.);
#620=EDGE_CURVE('',#513,#514,#421,.T.);
#621=EDGE_CURVE('',#514,#503,#79,.T.);
#622=EDGE_CURVE('',#502,#515,#80,.T.);
#623=EDGE_CURVE('',#515,#515,#422,.T.);
#624=EDGE_CURVE('',#501,#516,#81,.T.);
#625=EDGE_CURVE('',#516,#517,#423,.T.);
#626=EDGE_CURVE('',#517,#498,#82,.T.);
#627=EDGE_CURVE('',#505,#518,#83,.T.);
#628=EDGE_CURVE('',#518,#519,#84,.T.);
#629=EDGE_CURVE('',#513,#519,#85,.T.);
#630=EDGE_CURVE('',#504,#520,#86,.T.);
#631=EDGE_CURVE('',#520,#518,#87,.T.);
#632=EDGE_CURVE('',#521,#521,#424,.T.);
#633=EDGE_CURVE('',#521,#515,#425,.T.);
#634=EDGE_CURVE('',#508,#512,#88,.T.);
#635=EDGE_CURVE('',#499,#522,#89,.T.);
#636=EDGE_CURVE('',#522,#523,#90,.T.);
#637=EDGE_CURVE('',#500,#523,#91,.T.);
#638=EDGE_CURVE('',#523,#524,#92,.T.);
#639=EDGE_CURVE('',#516,#524,#93,.T.);
#640=EDGE_CURVE('',#517,#525,#94,.T.);
#641=EDGE_CURVE('',#525,#522,#95,.T.);
#642=EDGE_CURVE('',#524,#525,#96,.T.);
#643=EDGE_CURVE('',#514,#526,#97,.T.);
#644=EDGE_CURVE('',#526,#520,#98,.T.);
#645=EDGE_CURVE('',#519,#526,#99,.T.);
#646=EDGE_CURVE('',#527,#528,#426,.T.);
#647=EDGE_CURVE('',#528,#529,#427,.T.);
#648=EDGE_CURVE('',#529,#530,#428,.T.);
#649=EDGE_CURVE('',#530,#527,#429,.T.);
#650=EDGE_CURVE('',#531,#532,#430,.T.);
#651=EDGE_CURVE('',#532,#530,#100,.T.);
#652=EDGE_CURVE('',#529,#531,#101,.T.);
#653=EDGE_CURVE('',#533,#534,#431,.T.);
#654=EDGE_CURVE('',#534,#532,#432,.T.);
#655=EDGE_CURVE('',#531,#533,#433,.T.);
#656=EDGE_CURVE('',#535,#536,#434,.T.);
#657=EDGE_CURVE('',#536,#534,#102,.T.);
#658=EDGE_CURVE('',#533,#535,#103,.T.);
#659=EDGE_CURVE('',#537,#538,#435,.T.);
#660=EDGE_CURVE('',#538,#536,#436,.T.);
#661=EDGE_CURVE('',#535,#537,#437,.T.);
#662=EDGE_CURVE('',#539,#540,#438,.T.);
#663=EDGE_CURVE('',#540,#538,#104,.T.);
#664=EDGE_CURVE('',#537,#539,#105,.T.);
#665=EDGE_CURVE('',#541,#542,#439,.T.);
#666=EDGE_CURVE('',#542,#540,#440,.T.);
#667=EDGE_CURVE('',#539,#541,#441,.T.);
#668=EDGE_CURVE('',#543,#544,#442,.T.);
#669=EDGE_CURVE('',#544,#542,#106,.T.);
#670=EDGE_CURVE('',#541,#543,#107,.T.);
#671=EDGE_CURVE('',#545,#546,#443,.T.);
#672=EDGE_CURVE('',#546,#544,#444,.T.);
#673=EDGE_CURVE('',#543,#545,#445,.T.);
#674=EDGE_CURVE('',#547,#548,#446,.T.);
#675=EDGE_CURVE('',#548,#546,#108,.T.);
#676=EDGE_CURVE('',#545,#547,#109,.T.);
#677=EDGE_CURVE('',#549,#550,#447,.T.);
#678=EDGE_CURVE('',#550,#548,#448,.T.);
#679=EDGE_CURVE('',#547,#549,#449,.T.);
#680=EDGE_CURVE('',#551,#552,#450,.T.);
#681=EDGE_CURVE('',#552,#550,#110,.T.);
#682=EDGE_CURVE('',#549,#551,#111,.T.);
#683=EDGE_CURVE('',#553,#554,#451,.T.);
#684=EDGE_CURVE('',#554,#552,#452,.T.);
#685=EDGE_CURVE('',#551,#553,#453,.T.);
#686=EDGE_CURVE('',#555,#556,#454,.T.);
#687=EDGE_CURVE('',#556,#554,#112,.T.);
#688=EDGE_CURVE('',#553,#555,#113,.T.);
#689=EDGE_CURVE('',#557,#558,#455,.T.);
#690=EDGE_CURVE('',#558,#556,#456,.T.);
#691=EDGE_CURVE('',#555,#557,#457,.T.);
#692=EDGE_CURVE('',#557,#528,#114,.T.);
#693=EDGE_CURVE('',#527,#558,#115,.T.);
#694=EDGE_CURVE('',#559,#548,#116,.T.);
#695=EDGE_CURVE('',#560,#559,#117,.T.);
#696=EDGE_CURVE('',#546,#560,#118,.T.);
#697=EDGE_CURVE('',#550,#561,#119,.T.);
#698=EDGE_CURVE('',#559,#561,#458,.T.);
#699=EDGE_CURVE('',#562,#552,#120,.T.);
#700=EDGE_CURVE('',#561,#562,#121,.T.);
#701=EDGE_CURVE('',#554,#563,#122,.T.);
#702=EDGE_CURVE('',#562,#563,#459,.T.);
#703=EDGE_CURVE('',#564,#556,#123,.T.);
#704=EDGE_CURVE('',#563,#564,#124,.T.);
#705=EDGE_CURVE('',#558,#565,#125,.T.);
#706=EDGE_CURVE('',#564,#565,#460,.T.);
#707=EDGE_CURVE('',#566,#527,#126,.T.);
#708=EDGE_CURVE('',#565,#566,#127,.T.);
#709=EDGE_CURVE('',#530,#567,#128,.T.);
#710=EDGE_CURVE('',#566,#567,#461,.T.);
#711=EDGE_CURVE('',#568,#569,#462,.T.);
#712=EDGE_CURVE('',#569,#570,#463,.T.);
#713=EDGE_CURVE('',#570,#571,#464,.T.);
#714=EDGE_CURVE('',#571,#568,#465,.T.);
#715=EDGE_CURVE('',#572,#567,#466,.T.);
#716=EDGE_CURVE('',#567,#571,#129,.T.);
#717=EDGE_CURVE('',#570,#572,#130,.T.);
#718=EDGE_CURVE('',#573,#566,#467,.T.);
#719=EDGE_CURVE('',#572,#573,#468,.T.);
#720=EDGE_CURVE('',#574,#565,#469,.T.);
#721=EDGE_CURVE('',#573,#574,#131,.T.);
#722=EDGE_CURVE('',#575,#564,#470,.T.);
#723=EDGE_CURVE('',#574,#575,#471,.T.);
#724=EDGE_CURVE('',#576,#563,#472,.T.);
#725=EDGE_CURVE('',#575,#576,#132,.T.);
#726=EDGE_CURVE('',#577,#562,#473,.T.);
#727=EDGE_CURVE('',#576,#577,#474,.T.);
#728=EDGE_CURVE('',#578,#561,#475,.T.);
#729=EDGE_CURVE('',#577,#578,#133,.T.);
#730=EDGE_CURVE('',#579,#559,#476,.T.);
#731=EDGE_CURVE('',#578,#579,#477,.T.);
#732=EDGE_CURVE('',#580,#560,#478,.T.);
#733=EDGE_CURVE('',#579,#580,#134,.T.);
#734=EDGE_CURVE('',#581,#582,#479,.T.);
#735=EDGE_CURVE('',#582,#560,#480,.T.);
#736=EDGE_CURVE('',#580,#581,#481,.T.);
#737=EDGE_CURVE('',#583,#584,#482,.T.);
#738=EDGE_CURVE('',#584,#582,#135,.T.);
#739=EDGE_CURVE('',#581,#583,#136,.T.);
#740=EDGE_CURVE('',#585,#586,#483,.T.);
#741=EDGE_CURVE('',#586,#584,#484,.T.);
#742=EDGE_CURVE('',#583,#585,#485,.T.);
#743=EDGE_CURVE('',#587,#588,#486,.T.);
#744=EDGE_CURVE('',#588,#586,#137,.T.);
#745=EDGE_CURVE('',#585,#587,#138,.T.);
#746=EDGE_CURVE('',#589,#590,#487,.T.);
#747=EDGE_CURVE('',#590,#588,#488,.T.);
#748=EDGE_CURVE('',#587,#589,#489,.T.);
#749=EDGE_CURVE('',#589,#569,#139,.T.);
#750=EDGE_CURVE('',#568,#590,#140,.T.);
#751=EDGE_CURVE('',#582,#544,#141,.T.);
#752=EDGE_CURVE('',#542,#584,#142,.T.);
#753=EDGE_CURVE('',#586,#540,#143,.T.);
#754=EDGE_CURVE('',#538,#588,#144,.T.);
#755=EDGE_CURVE('',#590,#536,#145,.T.);
#756=EDGE_CURVE('',#534,#568,#146,.T.);
#757=EDGE_CURVE('',#571,#532,#147,.T.);
#758=EDGE_CURVE('',#591,#591,#490,.T.);
#759=EDGE_CURVE('',#591,#592,#148,.T.);
#760=EDGE_CURVE('',#592,#592,#491,.T.);
#761=ORIENTED_EDGE('',*,*,#593,.T.);
#762=ORIENTED_EDGE('',*,*,#594,.T.);
#763=ORIENTED_EDGE('',*,*,#595,.T.);
#764=ORIENTED_EDGE('',*,*,#596,.T.);
#765=ORIENTED_EDGE('',*,*,#597,.T.);
#766=ORIENTED_EDGE('',*,*,#598,.T.);
#767=ORIENTED_EDGE('',*,*,#599,.T.);
#768=ORIENTED_EDGE('',*,*,#600,.T.);
#769=ORIENTED_EDGE('',*,*,#601,.T.);
#770=ORIENTED_EDGE('',*,*,#602,.T.);
#771=ORIENTED_EDGE('',*,*,#603,.T.);
#772=ORIENTED_EDGE('',*,*,#604,.T.);
#773=ORIENTED_EDGE('',*,*,#605,.T.);
#774=ORIENTED_EDGE('',*,*,#606,.T.);
#775=ORIENTED_EDGE('',*,*,#607,.T.);
#776=ORIENTED_EDGE('',*,*,#608,.T.);
#777=ORIENTED_EDGE('',*,*,#594,.F.);
#778=ORIENTED_EDGE('',*,*,#598,.F.);
#779=ORIENTED_EDGE('',*,*,#609,.T.);
#780=ORIENTED_EDGE('',*,*,#610,.T.);
#781=ORIENTED_EDGE('',*,*,#611,.F.);
#782=ORIENTED_EDGE('',*,*,#612,.F.);
#783=ORIENTED_EDGE('',*,*,#597,.F.);
#784=ORIENTED_EDGE('',*,*,#613,.T.);
#785=ORIENTED_EDGE('',*,*,#614,.T.);
#786=ORIENTED_EDGE('',*,*,#609,.F.);
#787=ORIENTED_EDGE('',*,*,#596,.F.);
#788=ORIENTED_EDGE('',*,*,#615,.F.);
#789=ORIENTED_EDGE('',*,*,#616,.T.);
#790=ORIENTED_EDGE('',*,*,#617,.T.);
#791=ORIENTED_EDGE('',*,*,#613,.F.);
#792=ORIENTED_EDGE('',*,*,#599,.F.);
#793=ORIENTED_EDGE('',*,*,#612,.T.);
#794=ORIENTED_EDGE('',*,*,#618,.T.);
#795=ORIENTED_EDGE('',*,*,#615,.T.);
#796=ORIENTED_EDGE('',*,*,#595,.F.);
#797=ORIENTED_EDGE('',*,*,#608,.F.);
#798=ORIENTED_EDGE('',*,*,#619,.T.);
#799=ORIENTED_EDGE('',*,*,#620,.T.);
#800=ORIENTED_EDGE('',*,*,#621,.T.);
#801=ORIENTED_EDGE('',*,*,#604,.F.);
#802=ORIENTED_EDGE('',*,*,#622,.T.);
#803=ORIENTED_EDGE('',*,*,#623,.F.);
#804=ORIENTED_EDGE('',*,*,#622,.F.);
#805=ORIENTED_EDGE('',*,*,#603,.F.);
#806=ORIENTED_EDGE('',*,*,#624,.T.);
#807=ORIENTED_EDGE('',*,*,#625,.T.);
#808=ORIENTED_EDGE('',*,*,#626,.T.);
#809=ORIENTED_EDGE('',*,*,#607,.F.);
#810=ORIENTED_EDGE('',*,*,#627,.T.);
#811=ORIENTED_EDGE('',*,*,#628,.T.);
#812=ORIENTED_EDGE('',*,*,#629,.F.);
#813=ORIENTED_EDGE('',*,*,#619,.F.);
#814=ORIENTED_EDGE('',*,*,#606,.F.);
#815=ORIENTED_EDGE('',*,*,#630,.T.);
#816=ORIENTED_EDGE('',*,*,#631,.T.);
#817=ORIENTED_EDGE('',*,*,#627,.F.);
#818=ORIENTED_EDGE('',*,*,#593,.F.);
#819=ORIENTED_EDGE('',*,*,#632,.T.);
#820=ORIENTED_EDGE('',*,*,#633,.T.);
#821=ORIENTED_EDGE('',*,*,#623,.T.);
#822=ORIENTED_EDGE('',*,*,#633,.F.);
#823=ORIENTED_EDGE('',*,*,#632,.F.);
#824=ORIENTED_EDGE('',*,*,#618,.F.);
#825=ORIENTED_EDGE('',*,*,#611,.T.);
#826=ORIENTED_EDGE('',*,*,#634,.T.);
#827=ORIENTED_EDGE('',*,*,#616,.F.);
#828=ORIENTED_EDGE('',*,*,#614,.F.);
#829=ORIENTED_EDGE('',*,*,#617,.F.);
#830=ORIENTED_EDGE('',*,*,#634,.F.);
#831=ORIENTED_EDGE('',*,*,#610,.F.);
#832=ORIENTED_EDGE('',*,*,#601,.F.);
#833=ORIENTED_EDGE('',*,*,#635,.T.);
#834=ORIENTED_EDGE('',*,*,#636,.T.);
#835=ORIENTED_EDGE('',*,*,#637,.F.);
#836=ORIENTED_EDGE('',*,*,#602,.F.);
#837=ORIENTED_EDGE('',*,*,#637,.T.);
#838=ORIENTED_EDGE('',*,*,#638,.T.);
#839=ORIENTED_EDGE('',*,*,#639,.F.);
#840=ORIENTED_EDGE('',*,*,#624,.F.);
#841=ORIENTED_EDGE('',*,*,#600,.F.);
#842=ORIENTED_EDGE('',*,*,#626,.F.);
#843=ORIENTED_EDGE('',*,*,#640,.T.);
#844=ORIENTED_EDGE('',*,*,#641,.T.);
#845=ORIENTED_EDGE('',*,*,#635,.F.);
#846=ORIENTED_EDGE('',*,*,#625,.F.);
#847=ORIENTED_EDGE('',*,*,#639,.T.);
#848=ORIENTED_EDGE('',*,*,#642,.T.);
#849=ORIENTED_EDGE('',*,*,#640,.F.);
#850=ORIENTED_EDGE('',*,*,#636,.F.);
#851=ORIENTED_EDGE('',*,*,#641,.F.);
#852=ORIENTED_EDGE('',*,*,#642,.F.);
#853=ORIENTED_EDGE('',*,*,#638,.F.);
#854=ORIENTED_EDGE('',*,*,#605,.F.);
#855=ORIENTED_EDGE('',*,*,#621,.F.);
#856=ORIENTED_EDGE('',*,*,#643,.T.);
#857=ORIENTED_EDGE('',*,*,#644,.T.);
#858=ORIENTED_EDGE('',*,*,#630,.F.);
#859=ORIENTED_EDGE('',*,*,#620,.F.);
#860=ORIENTED_EDGE('',*,*,#629,.T.);
#861=ORIENTED_EDGE('',*,*,#645,.T.);
#862=ORIENTED_EDGE('',*,*,#643,.F.);
#863=ORIENTED_EDGE('',*,*,#631,.F.);
#864=ORIENTED_EDGE('',*,*,#644,.F.);
#865=ORIENTED_EDGE('',*,*,#645,.F.);
#866=ORIENTED_EDGE('',*,*,#628,.F.);
#867=ORIENTED_EDGE('',*,*,#646,.T.);
#868=ORIENTED_EDGE('',*,*,#647,.T.);
#869=ORIENTED_EDGE('',*,*,#648,.T.);
#870=ORIENTED_EDGE('',*,*,#649,.T.);
#871=ORIENTED_EDGE('',*,*,#650,.T.);
#872=ORIENTED_EDGE('',*,*,#651,.T.);
#873=ORIENTED_EDGE('',*,*,#648,.F.);
#874=ORIENTED_EDGE('',*,*,#652,.T.);
#875=ORIENTED_EDGE('',*,*,#653,.T.);
#876=ORIENTED_EDGE('',*,*,#654,.T.);
#877=ORIENTED_EDGE('',*,*,#650,.F.);
#878=ORIENTED_EDGE('',*,*,#655,.T.);
#879=ORIENTED_EDGE('',*,*,#656,.T.);
#880=ORIENTED_EDGE('',*,*,#657,.T.);
#881=ORIENTED_EDGE('',*,*,#653,.F.);
#882=ORIENTED_EDGE('',*,*,#658,.T.);
#883=ORIENTED_EDGE('',*,*,#659,.T.);
#884=ORIENTED_EDGE('',*,*,#660,.T.);
#885=ORIENTED_EDGE('',*,*,#656,.F.);
#886=ORIENTED_EDGE('',*,*,#661,.T.);
#887=ORIENTED_EDGE('',*,*,#662,.T.);
#888=ORIENTED_EDGE('',*,*,#663,.T.);
#889=ORIENTED_EDGE('',*,*,#659,.F.);
#890=ORIENTED_EDGE('',*,*,#664,.T.);
#891=ORIENTED_EDGE('',*,*,#665,.T.);
#892=ORIENTED_EDGE('',*,*,#666,.T.);
#893=ORIENTED_EDGE('',*,*,#662,.F.);
#894=ORIENTED_EDGE('',*,*,#667,.T.);
#895=ORIENTED_EDGE('',*,*,#668,.T.);
#896=ORIENTED_EDGE('',*,*,#669,.T.);
#897=ORIENTED_EDGE('',*,*,#665,.F.);
#898=ORIENTED_EDGE('',*,*,#670,.T.);
#899=ORIENTED_EDGE('',*,*,#671,.T.);
#900=ORIENTED_EDGE('',*,*,#672,.T.);
#901=ORIENTED_EDGE('',*,*,#668,.F.);
#902=ORIENTED_EDGE('',*,*,#673,.T.);
#903=ORIENTED_EDGE('',*,*,#674,.T.);
#904=ORIENTED_EDGE('',*,*,#675,.T.);
#905=ORIENTED_EDGE('',*,*,#671,.F.);
#906=ORIENTED_EDGE('',*,*,#676,.T.);
#907=ORIENTED_EDGE('',*,*,#677,.T.);
#908=ORIENTED_EDGE('',*,*,#678,.T.);
#909=ORIENTED_EDGE('',*,*,#674,.F.);
#910=ORIENTED_EDGE('',*,*,#679,.T.);
#911=ORIENTED_EDGE('',*,*,#680,.T.);
#912=ORIENTED_EDGE('',*,*,#681,.T.);
#913=ORIENTED_EDGE('',*,*,#677,.F.);
#914=ORIENTED_EDGE('',*,*,#682,.T.);
#915=ORIENTED_EDGE('',*,*,#683,.T.);
#916=ORIENTED_EDGE('',*,*,#684,.T.);
#917=ORIENTED_EDGE('',*,*,#680,.F.);
#918=ORIENTED_EDGE('',*,*,#685,.T.);
#919=ORIENTED_EDGE('',*,*,#686,.T.);
#920=ORIENTED_EDGE('',*,*,#687,.T.);
#921=ORIENTED_EDGE('',*,*,#683,.F.);
#922=ORIENTED_EDGE('',*,*,#688,.T.);
#923=ORIENTED_EDGE('',*,*,#689,.T.);
#924=ORIENTED_EDGE('',*,*,#690,.T.);
#925=ORIENTED_EDGE('',*,*,#686,.F.);
#926=ORIENTED_EDGE('',*,*,#691,.T.);
#927=ORIENTED_EDGE('',*,*,#689,.F.);
#928=ORIENTED_EDGE('',*,*,#692,.T.);
#929=ORIENTED_EDGE('',*,*,#646,.F.);
#930=ORIENTED_EDGE('',*,*,#693,.T.);
#931=ORIENTED_EDGE('',*,*,#675,.F.);
#932=ORIENTED_EDGE('',*,*,#694,.F.);
#933=ORIENTED_EDGE('',*,*,#695,.F.);
#934=ORIENTED_EDGE('',*,*,#696,.F.);
#935=ORIENTED_EDGE('',*,*,#678,.F.);
#936=ORIENTED_EDGE('',*,*,#697,.T.);
#937=ORIENTED_EDGE('',*,*,#698,.F.);
#938=ORIENTED_EDGE('',*,*,#694,.T.);
#939=ORIENTED_EDGE('',*,*,#681,.F.);
#940=ORIENTED_EDGE('',*,*,#699,.F.);
#941=ORIENTED_EDGE('',*,*,#700,.F.);
#942=ORIENTED_EDGE('',*,*,#697,.F.);
#943=ORIENTED_EDGE('',*,*,#684,.F.);
#944=ORIENTED_EDGE('',*,*,#701,.T.);
#945=ORIENTED_EDGE('',*,*,#702,.F.);
#946=ORIENTED_EDGE('',*,*,#699,.T.);
#947=ORIENTED_EDGE('',*,*,#687,.F.);
#948=ORIENTED_EDGE('',*,*,#703,.F.);
#949=ORIENTED_EDGE('',*,*,#704,.F.);
#950=ORIENTED_EDGE('',*,*,#701,.F.);
#951=ORIENTED_EDGE('',*,*,#690,.F.);
#952=ORIENTED_EDGE('',*,*,#705,.T.);
#953=ORIENTED_EDGE('',*,*,#706,.F.);
#954=ORIENTED_EDGE('',*,*,#703,.T.);
#955=ORIENTED_EDGE('',*,*,#693,.F.);
#956=ORIENTED_EDGE('',*,*,#707,.F.);
#957=ORIENTED_EDGE('',*,*,#708,.F.);
#958=ORIENTED_EDGE('',*,*,#705,.F.);
#959=ORIENTED_EDGE('',*,*,#649,.F.);
#960=ORIENTED_EDGE('',*,*,#709,.T.);
#961=ORIENTED_EDGE('',*,*,#710,.F.);
#962=ORIENTED_EDGE('',*,*,#707,.T.);
#963=ORIENTED_EDGE('',*,*,#647,.F.);
#964=ORIENTED_EDGE('',*,*,#692,.F.);
#965=ORIENTED_EDGE('',*,*,#691,.F.);
#966=ORIENTED_EDGE('',*,*,#688,.F.);
#967=ORIENTED_EDGE('',*,*,#685,.F.);
#968=ORIENTED_EDGE('',*,*,#682,.F.);
#969=ORIENTED_EDGE('',*,*,#679,.F.);
#970=ORIENTED_EDGE('',*,*,#676,.F.);
#971=ORIENTED_EDGE('',*,*,#673,.F.);
#972=ORIENTED_EDGE('',*,*,#670,.F.);
#973=ORIENTED_EDGE('',*,*,#667,.F.);
#974=ORIENTED_EDGE('',*,*,#664,.F.);
#975=ORIENTED_EDGE('',*,*,#661,.F.);
#976=ORIENTED_EDGE('',*,*,#658,.F.);
#977=ORIENTED_EDGE('',*,*,#655,.F.);
#978=ORIENTED_EDGE('',*,*,#652,.F.);
#979=ORIENTED_EDGE('',*,*,#711,.T.);
#980=ORIENTED_EDGE('',*,*,#712,.T.);
#981=ORIENTED_EDGE('',*,*,#713,.T.);
#982=ORIENTED_EDGE('',*,*,#714,.T.);
#983=ORIENTED_EDGE('',*,*,#715,.T.);
#984=ORIENTED_EDGE('',*,*,#716,.T.);
#985=ORIENTED_EDGE('',*,*,#713,.F.);
#986=ORIENTED_EDGE('',*,*,#717,.T.);
#987=ORIENTED_EDGE('',*,*,#718,.T.);
#988=ORIENTED_EDGE('',*,*,#710,.T.);
#989=ORIENTED_EDGE('',*,*,#715,.F.);
#990=ORIENTED_EDGE('',*,*,#719,.T.);
#991=ORIENTED_EDGE('',*,*,#720,.T.);
#992=ORIENTED_EDGE('',*,*,#708,.T.);
#993=ORIENTED_EDGE('',*,*,#718,.F.);
#994=ORIENTED_EDGE('',*,*,#721,.T.);
#995=ORIENTED_EDGE('',*,*,#722,.T.);
#996=ORIENTED_EDGE('',*,*,#706,.T.);
#997=ORIENTED_EDGE('',*,*,#720,.F.);
#998=ORIENTED_EDGE('',*,*,#723,.T.);
#999=ORIENTED_EDGE('',*,*,#724,.T.);
#1000=ORIENTED_EDGE('',*,*,#704,.T.);
#1001=ORIENTED_EDGE('',*,*,#722,.F.);
#1002=ORIENTED_EDGE('',*,*,#725,.T.);
#1003=ORIENTED_EDGE('',*,*,#726,.T.);
#1004=ORIENTED_EDGE('',*,*,#702,.T.);
#1005=ORIENTED_EDGE('',*,*,#724,.F.);
#1006=ORIENTED_EDGE('',*,*,#727,.T.);
#1007=ORIENTED_EDGE('',*,*,#728,.T.);
#1008=ORIENTED_EDGE('',*,*,#700,.T.);
#1009=ORIENTED_EDGE('',*,*,#726,.F.);
#1010=ORIENTED_EDGE('',*,*,#729,.T.);
#1011=ORIENTED_EDGE('',*,*,#730,.T.);
#1012=ORIENTED_EDGE('',*,*,#698,.T.);
#1013=ORIENTED_EDGE('',*,*,#728,.F.);
#1014=ORIENTED_EDGE('',*,*,#731,.T.);
#1015=ORIENTED_EDGE('',*,*,#732,.T.);
#1016=ORIENTED_EDGE('',*,*,#695,.T.);
#1017=ORIENTED_EDGE('',*,*,#730,.F.);
#1018=ORIENTED_EDGE('',*,*,#733,.T.);
#1019=ORIENTED_EDGE('',*,*,#734,.T.);
#1020=ORIENTED_EDGE('',*,*,#735,.T.);
#1021=ORIENTED_EDGE('',*,*,#732,.F.);
#1022=ORIENTED_EDGE('',*,*,#736,.T.);
#1023=ORIENTED_EDGE('',*,*,#737,.T.);
#1024=ORIENTED_EDGE('',*,*,#738,.T.);
#1025=ORIENTED_EDGE('',*,*,#734,.F.);
#1026=ORIENTED_EDGE('',*,*,#739,.T.);
#1027=ORIENTED_EDGE('',*,*,#740,.T.);
#1028=ORIENTED_EDGE('',*,*,#741,.T.);
#1029=ORIENTED_EDGE('',*,*,#737,.F.);
#1030=ORIENTED_EDGE('',*,*,#742,.T.);
#1031=ORIENTED_EDGE('',*,*,#743,.T.);
#1032=ORIENTED_EDGE('',*,*,#744,.T.);
#1033=ORIENTED_EDGE('',*,*,#740,.F.);
#1034=ORIENTED_EDGE('',*,*,#745,.T.);
#1035=ORIENTED_EDGE('',*,*,#746,.T.);
#1036=ORIENTED_EDGE('',*,*,#747,.T.);
#1037=ORIENTED_EDGE('',*,*,#743,.F.);
#1038=ORIENTED_EDGE('',*,*,#748,.T.);
#1039=ORIENTED_EDGE('',*,*,#746,.F.);
#1040=ORIENTED_EDGE('',*,*,#749,.T.);
#1041=ORIENTED_EDGE('',*,*,#711,.F.);
#1042=ORIENTED_EDGE('',*,*,#750,.T.);
#1043=ORIENTED_EDGE('',*,*,#672,.F.);
#1044=ORIENTED_EDGE('',*,*,#696,.T.);
#1045=ORIENTED_EDGE('',*,*,#735,.F.);
#1046=ORIENTED_EDGE('',*,*,#751,.T.);
#1047=ORIENTED_EDGE('',*,*,#669,.F.);
#1048=ORIENTED_EDGE('',*,*,#751,.F.);
#1049=ORIENTED_EDGE('',*,*,#738,.F.);
#1050=ORIENTED_EDGE('',*,*,#752,.F.);
#1051=ORIENTED_EDGE('',*,*,#666,.F.);
#1052=ORIENTED_EDGE('',*,*,#752,.T.);
#1053=ORIENTED_EDGE('',*,*,#741,.F.);
#1054=ORIENTED_EDGE('',*,*,#753,.T.);
#1055=ORIENTED_EDGE('',*,*,#663,.F.);
#1056=ORIENTED_EDGE('',*,*,#753,.F.);
#1057=ORIENTED_EDGE('',*,*,#744,.F.);
#1058=ORIENTED_EDGE('',*,*,#754,.F.);
#1059=ORIENTED_EDGE('',*,*,#660,.F.);
#1060=ORIENTED_EDGE('',*,*,#754,.T.);
#1061=ORIENTED_EDGE('',*,*,#747,.F.);
#1062=ORIENTED_EDGE('',*,*,#755,.T.);
#1063=ORIENTED_EDGE('',*,*,#657,.F.);
#1064=ORIENTED_EDGE('',*,*,#755,.F.);
#1065=ORIENTED_EDGE('',*,*,#750,.F.);
#1066=ORIENTED_EDGE('',*,*,#756,.F.);
#1067=ORIENTED_EDGE('',*,*,#654,.F.);
#1068=ORIENTED_EDGE('',*,*,#756,.T.);
#1069=ORIENTED_EDGE('',*,*,#714,.F.);
#1070=ORIENTED_EDGE('',*,*,#757,.T.);
#1071=ORIENTED_EDGE('',*,*,#712,.F.);
#1072=ORIENTED_EDGE('',*,*,#749,.F.);
#1073=ORIENTED_EDGE('',*,*,#748,.F.);
#1074=ORIENTED_EDGE('',*,*,#745,.F.);
#1075=ORIENTED_EDGE('',*,*,#742,.F.);
#1076=ORIENTED_EDGE('',*,*,#739,.F.);
#1077=ORIENTED_EDGE('',*,*,#736,.F.);
#1078=ORIENTED_EDGE('',*,*,#733,.F.);
#1079=ORIENTED_EDGE('',*,*,#731,.F.);
#1080=ORIENTED_EDGE('',*,*,#729,.F.);
#1081=ORIENTED_EDGE('',*,*,#727,.F.);
#1082=ORIENTED_EDGE('',*,*,#725,.F.);
#1083=ORIENTED_EDGE('',*,*,#723,.F.);
#1084=ORIENTED_EDGE('',*,*,#721,.F.);
#1085=ORIENTED_EDGE('',*,*,#719,.F.);
#1086=ORIENTED_EDGE('',*,*,#717,.F.);
#1087=ORIENTED_EDGE('',*,*,#651,.F.);
#1088=ORIENTED_EDGE('',*,*,#757,.F.);
#1089=ORIENTED_EDGE('',*,*,#716,.F.);
#1090=ORIENTED_EDGE('',*,*,#709,.F.);
#1091=ORIENTED_EDGE('',*,*,#758,.F.);
#1092=ORIENTED_EDGE('',*,*,#759,.T.);
#1093=ORIENTED_EDGE('',*,*,#760,.T.);
#1094=ORIENTED_EDGE('',*,*,#759,.F.);
#1095=ORIENTED_EDGE('',*,*,#758,.T.);
#1096=ORIENTED_EDGE('',*,*,#760,.F.);
#1097=TOROIDAL_SURFACE('',#1227,67.,8.);
#1098=TOROIDAL_SURFACE('',#1249,67.,8.);
#1099=TOROIDAL_SURFACE('',#1264,5.875,0.125);
#1100=TOROIDAL_SURFACE('',#1271,7.875,0.125);
#1101=TOROIDAL_SURFACE('',#1277,7.875,0.125);
#1102=TOROIDAL_SURFACE('',#1283,5.875,0.125);
#1103=TOROIDAL_SURFACE('',#1289,6.125,0.125);
#1104=TOROIDAL_SURFACE('',#1295,5.875,0.125);
#1105=TOROIDAL_SURFACE('',#1301,5.875,0.125);
#1106=TOROIDAL_SURFACE('',#1307,6.125,0.125);
#1107=TOROIDAL_SURFACE('',#1325,7.875,0.125);
#1108=TOROIDAL_SURFACE('',#1332,5.875,0.125);
#1109=TOROIDAL_SURFACE('',#1337,6.125,0.125);
#1110=TOROIDAL_SURFACE('',#1342,5.875,0.125);
#1111=TOROIDAL_SURFACE('',#1347,5.875,0.125);
#1112=TOROIDAL_SURFACE('',#1352,6.125,0.125);
#1113=TOROIDAL_SURFACE('',#1358,5.875,0.125);
#1114=TOROIDAL_SURFACE('',#1364,7.875,0.125);
#1115=ADVANCED_FACE('',(#258),#1097,.T.);
#1116=ADVANCED_FACE('',(#259),#229,.F.);
#1117=ADVANCED_FACE('',(#260),#230,.F.);
#1118=ADVANCED_FACE('',(#261),#231,.F.);
#1119=ADVANCED_FACE('',(#262),#43,.T.);
#1120=ADVANCED_FACE('',(#263),#232,.F.);
#1121=ADVANCED_FACE('',(#264),#233,.F.);
#1122=ADVANCED_FACE('',(#265),#234,.F.);
#1123=ADVANCED_FACE('',(#266),#1098,.T.);
#1124=ADVANCED_FACE('',(#267),#235,.T.);
#1125=ADVANCED_FACE('',(#268),#236,.F.);
#1126=ADVANCED_FACE('',(#269),#237,.F.);
#1127=ADVANCED_FACE('',(#270),#238,.F.);
#1128=ADVANCED_FACE('',(#271),#239,.F.);
#1129=ADVANCED_FACE('',(#272),#240,.F.);
#1130=ADVANCED_FACE('',(#273),#241,.F.);
#1131=ADVANCED_FACE('',(#274),#242,.F.);
#1132=ADVANCED_FACE('',(#275),#243,.F.);
#1133=ADVANCED_FACE('',(#276),#244,.F.);
#1134=ADVANCED_FACE('',(#277),#245,.F.);
#1135=ADVANCED_FACE('',(#278),#1099,.T.);
#1136=ADVANCED_FACE('',(#279),#44,.T.);
#1137=ADVANCED_FACE('',(#280),#1100,.T.);
#1138=ADVANCED_FACE('',(#281),#45,.T.);
#1139=ADVANCED_FACE('',(#282),#1101,.T.);
#1140=ADVANCED_FACE('',(#283),#46,.T.);
#1141=ADVANCED_FACE('',(#284),#1102,.T.);
#1142=ADVANCED_FACE('',(#285),#47,.T.);
#1143=ADVANCED_FACE('',(#286),#1103,.T.);
#1144=ADVANCED_FACE('',(#287),#48,.T.);
#1145=ADVANCED_FACE('',(#288),#1104,.T.);
#1146=ADVANCED_FACE('',(#289),#49,.T.);
#1147=ADVANCED_FACE('',(#290),#1105,.T.);
#1148=ADVANCED_FACE('',(#291),#50,.T.);
#1149=ADVANCED_FACE('',(#292),#1106,.T.);
#1150=ADVANCED_FACE('',(#293),#51,.T.);
#1151=ADVANCED_FACE('',(#294),#246,.T.);
#1152=ADVANCED_FACE('',(#295),#52,.T.);
#1153=ADVANCED_FACE('',(#296),#247,.T.);
#1154=ADVANCED_FACE('',(#297),#53,.T.);
#1155=ADVANCED_FACE('',(#298),#248,.T.);
#1156=ADVANCED_FACE('',(#299),#54,.F.);
#1157=ADVANCED_FACE('',(#300),#249,.T.);
#1158=ADVANCED_FACE('',(#301),#55,.T.);
#1159=ADVANCED_FACE('',(#302),#250,.T.);
#1160=ADVANCED_FACE('',(#303),#1107,.T.);
#1161=ADVANCED_FACE('',(#304),#56,.T.);
#1162=ADVANCED_FACE('',(#305),#1108,.T.);
#1163=ADVANCED_FACE('',(#306),#57,.T.);
#1164=ADVANCED_FACE('',(#307),#1109,.T.);
#1165=ADVANCED_FACE('',(#308),#58,.T.);
#1166=ADVANCED_FACE('',(#309),#1110,.T.);
#1167=ADVANCED_FACE('',(#310),#59,.T.);
#1168=ADVANCED_FACE('',(#311),#1111,.T.);
#1169=ADVANCED_FACE('',(#312),#60,.T.);
#1170=ADVANCED_FACE('',(#313),#1112,.T.);
#1171=ADVANCED_FACE('',(#314),#61,.T.);
#1172=ADVANCED_FACE('',(#315),#1113,.T.);
#1173=ADVANCED_FACE('',(#316),#62,.T.);
#1174=ADVANCED_FACE('',(#317),#1114,.T.);
#1175=ADVANCED_FACE('',(#318),#63,.T.);
#1176=ADVANCED_FACE('',(#319),#64,.F.);
#1177=ADVANCED_FACE('',(#320),#251,.T.);
#1178=ADVANCED_FACE('',(#321),#65,.T.);
#1179=ADVANCED_FACE('',(#322),#252,.T.);
#1180=ADVANCED_FACE('',(#323),#66,.T.);
#1181=ADVANCED_FACE('',(#324),#253,.T.);
#1182=ADVANCED_FACE('',(#325),#67,.T.);
#1183=ADVANCED_FACE('',(#326),#254,.T.);
#1184=ADVANCED_FACE('',(#327),#255,.T.);
#1185=ADVANCED_FACE('',(#328),#68,.T.);
#1186=ADVANCED_FACE('',(#329),#256,.T.);
#1187=ADVANCED_FACE('',(#330),#257,.F.);
#1188=CLOSED_SHELL('',(#1115,#1116,#1117,#1118,#1119,#1120,#1121,#1122,
#1123,#1124,#1125,#1126,#1127,#1128,#1129,#1130,#1131,#1132,#1133,#1134));
#1189=CLOSED_SHELL('',(#1135,#1136,#1137,#1138,#1139,#1140,#1141,#1142,
#1143,#1144,#1145,#1146,#1147,#1148,#1149,#1150,#1151,#1152,#1153,#1154,
#1155,#1156,#1157,#1158,#1159,#1160,#1161,#1162,#1163,#1164,#1165,#1166,
#1167,#1168,#1169,#1170,#1171,#1172,#1173,#1174,#1175,#1176,#1177,#1178,
#1179,#1180,#1181,#1182,#1183,#1184));
#1190=CLOSED_SHELL('',(#1185,#1186,#1187));
#1191=DERIVED_UNIT_ELEMENT(#1197,1.);
#1192=DERIVED_UNIT_ELEMENT(#2189,-3.);
#1193=DERIVED_UNIT_ELEMENT(#1197,1.);
#1194=DERIVED_UNIT_ELEMENT(#2189,-3.);
#1195=DERIVED_UNIT_ELEMENT(#1197,1.);
#1196=DERIVED_UNIT_ELEMENT(#2189,-3.);
#1197=(
MASS_UNIT()
NAMED_UNIT(*)
SI_UNIT(.KILO.,.GRAM.)
);
#1198=DERIVED_UNIT((#1191,#1192));
#1199=DERIVED_UNIT((#1193,#1194));
#1200=DERIVED_UNIT((#1195,#1196));
#1201=MEASURE_REPRESENTATION_ITEM('density measure',
POSITIVE_RATIO_MEASURE(7850.),#1198);
#1202=MEASURE_REPRESENTATION_ITEM('density measure',
POSITIVE_RATIO_MEASURE(7850.),#1199);
#1203=MEASURE_REPRESENTATION_ITEM('density measure',
POSITIVE_RATIO_MEASURE(7850.),#1200);
#1204=PROPERTY_DEFINITION_REPRESENTATION(#1219,#1210);
#1205=PROPERTY_DEFINITION_REPRESENTATION(#1220,#1211);
#1206=PROPERTY_DEFINITION_REPRESENTATION(#1221,#1212);
#1207=PROPERTY_DEFINITION_REPRESENTATION(#1222,#1213);
#1208=PROPERTY_DEFINITION_REPRESENTATION(#1223,#1214);
#1209=PROPERTY_DEFINITION_REPRESENTATION(#1224,#1215);
#1210=REPRESENTATION('material name',(#1216),#2184);
#1211=REPRESENTATION('density',(#1201),#2184);
#1212=REPRESENTATION('material name',(#1217),#2185);
#1213=REPRESENTATION('density',(#1202),#2185);
#1214=REPRESENTATION('material name',(#1218),#2186);
#1215=REPRESENTATION('density',(#1203),#2186);
#1216=DESCRIPTIVE_REPRESENTATION_ITEM('Steel','Steel');
#1217=DESCRIPTIVE_REPRESENTATION_ITEM('Steel','Steel');
#1218=DESCRIPTIVE_REPRESENTATION_ITEM('Steel','Steel');
#1219=PROPERTY_DEFINITION('material property','material name',#2211);
#1220=PROPERTY_DEFINITION('material property','density of part',#2211);
#1221=PROPERTY_DEFINITION('material property','material name',#2212);
#1222=PROPERTY_DEFINITION('material property','density of part',#2212);
#1223=PROPERTY_DEFINITION('material property','material name',#2213);
#1224=PROPERTY_DEFINITION('material property','density of part',#2213);
#1225=AXIS2_PLACEMENT_3D('',#1797,#1389,#1390);
#1226=AXIS2_PLACEMENT_3D('',#1798,#1391,#1392);
#1227=AXIS2_PLACEMENT_3D('',#1799,#1393,#1394);
#1228=AXIS2_PLACEMENT_3D('',#1801,#1395,#1396);
#1229=AXIS2_PLACEMENT_3D('',#1803,#1397,#1398);
#1230=AXIS2_PLACEMENT_3D('',#1805,#1399,#1400);
#1231=AXIS2_PLACEMENT_3D('',#1814,#1401,#1402);
#1232=AXIS2_PLACEMENT_3D('',#1823,#1403,#1404);
#1233=AXIS2_PLACEMENT_3D('',#1832,#1405,#1406);
#1234=AXIS2_PLACEMENT_3D('',#1841,#1407,#1408);
#1235=AXIS2_PLACEMENT_3D('',#1843,#1409,#1410);
#1236=AXIS2_PLACEMENT_3D('',#1852,#1411,#1412);
#1237=AXIS2_PLACEMENT_3D('',#1860,#1413,#1414);
#1238=AXIS2_PLACEMENT_3D('',#1861,#1415,#1416);
#1239=AXIS2_PLACEMENT_3D('',#1869,#1421,#1422);
#1240=AXIS2_PLACEMENT_3D('',#1873,#1425,#1426);
#1241=AXIS2_PLACEMENT_3D('',#1879,#1430,#1431);
#1242=AXIS2_PLACEMENT_3D('',#1880,#1432,#1433);
#1243=AXIS2_PLACEMENT_3D('',#1884,#1435,#1436);
#1244=AXIS2_PLACEMENT_3D('',#1888,#1439,#1440);
#1245=AXIS2_PLACEMENT_3D('',#1892,#1442,#1443);
#1246=AXIS2_PLACEMENT_3D('',#1894,#1445,#1446);
#1247=AXIS2_PLACEMENT_3D('',#1900,#1450,#1451);
#1248=AXIS2_PLACEMENT_3D('',#1904,#1454,#1455);
#1249=AXIS2_PLACEMENT_3D('',#1905,#1456,#1457);
#1250=AXIS2_PLACEMENT_3D('',#1907,#1458,#1459);
#1251=AXIS2_PLACEMENT_3D('',#1908,#1460,#1461);
#1252=AXIS2_PLACEMENT_3D('',#1909,#1462,#1463);
#1253=AXIS2_PLACEMENT_3D('',#1910,#1464,#1465);
#1254=AXIS2_PLACEMENT_3D('',#1912,#1467,#1468);
#1255=AXIS2_PLACEMENT_3D('',#1913,#1469,#1470);
#1256=AXIS2_PLACEMENT_3D('',#1919,#1474,#1475);
#1257=AXIS2_PLACEMENT_3D('',#1923,#1478,#1479);
#1258=AXIS2_PLACEMENT_3D('',#1927,#1482,#1483);
#1259=AXIS2_PLACEMENT_3D('',#1929,#1485,#1486);
#1260=AXIS2_PLACEMENT_3D('',#1930,#1487,#1488);
#1261=AXIS2_PLACEMENT_3D('',#1934,#1491,#1492);
#1262=AXIS2_PLACEMENT_3D('',#1936,#1494,#1495);
#1263=AXIS2_PLACEMENT_3D('',#1937,#1496,#1497);
#1264=AXIS2_PLACEMENT_3D('',#1938,#1498,#1499);
#1265=AXIS2_PLACEMENT_3D('',#1941,#1500,#1501);
#1266=AXIS2_PLACEMENT_3D('',#1943,#1502,#1503);
#1267=AXIS2_PLACEMENT_3D('',#1945,#1504,#1505);
#1268=AXIS2_PLACEMENT_3D('',#1946,#1506,#1507);
#1269=AXIS2_PLACEMENT_3D('',#1947,#1508,#1509);
#1270=AXIS2_PLACEMENT_3D('',#1950,#1510,#1511);
#1271=AXIS2_PLACEMENT_3D('',#1953,#1514,#1515);
#1272=AXIS2_PLACEMENT_3D('',#1956,#1516,#1517);
#1273=AXIS2_PLACEMENT_3D('',#1957,#1518,#1519);
#1274=AXIS2_PLACEMENT_3D('',#1958,#1520,#1521);
#1275=AXIS2_PLACEMENT_3D('',#1959,#1522,#1523);
#1276=AXIS2_PLACEMENT_3D('',#1962,#1524,#1525);
#1277=AXIS2_PLACEMENT_3D('',#1965,#1528,#1529);
#1278=AXIS2_PLACEMENT_3D('',#1968,#1530,#1531);
#1279=AXIS2_PLACEMENT_3D('',#1969,#1532,#1533);
#1280=AXIS2_PLACEMENT_3D('',#1970,#1534,#1535);
#1281=AXIS2_PLACEMENT_3D('',#1971,#1536,#1537);
#1282=AXIS2_PLACEMENT_3D('',#1974,#1538,#1539);
#1283=AXIS2_PLACEMENT_3D('',#1977,#1542,#1543);
#1284=AXIS2_PLACEMENT_3D('',#1980,#1544,#1545);
#1285=AXIS2_PLACEMENT_3D('',#1981,#1546,#1547);
#1286=AXIS2_PLACEMENT_3D('',#1982,#1548,#1549);
#1287=AXIS2_PLACEMENT_3D('',#1983,#1550,#1551);
#1288=AXIS2_PLACEMENT_3D('',#1986,#1552,#1553);
#1289=AXIS2_PLACEMENT_3D('',#1989,#1556,#1557);
#1290=AXIS2_PLACEMENT_3D('',#1992,#1558,#1559);
#1291=AXIS2_PLACEMENT_3D('',#1993,#1560,#1561);
#1292=AXIS2_PLACEMENT_3D('',#1994,#1562,#1563);
#1293=AXIS2_PLACEMENT_3D('',#1995,#1564,#1565);
#1294=AXIS2_PLACEMENT_3D('',#1998,#1566,#1567);
#1295=AXIS2_PLACEMENT_3D('',#2001,#1570,#1571);
#1296=AXIS2_PLACEMENT_3D('',#2004,#1572,#1573);
#1297=AXIS2_PLACEMENT_3D('',#2005,#1574,#1575);
#1298=AXIS2_PLACEMENT_3D('',#2006,#1576,#1577);
#1299=AXIS2_PLACEMENT_3D('',#2007,#1578,#1579);
#1300=AXIS2_PLACEMENT_3D('',#2010,#1580,#1581);
#1301=AXIS2_PLACEMENT_3D('',#2013,#1584,#1585);
#1302=AXIS2_PLACEMENT_3D('',#2016,#1586,#1587);
#1303=AXIS2_PLACEMENT_3D('',#2017,#1588,#1589);
#1304=AXIS2_PLACEMENT_3D('',#2018,#1590,#1591);
#1305=AXIS2_PLACEMENT_3D('',#2019,#1592,#1593);
#1306=AXIS2_PLACEMENT_3D('',#2022,#1594,#1595);
#1307=AXIS2_PLACEMENT_3D('',#2025,#1598,#1599);
#1308=AXIS2_PLACEMENT_3D('',#2028,#1600,#1601);
#1309=AXIS2_PLACEMENT_3D('',#2029,#1602,#1603);
#1310=AXIS2_PLACEMENT_3D('',#2030,#1604,#1605);
#1311=AXIS2_PLACEMENT_3D('',#2031,#1606,#1607);
#1312=AXIS2_PLACEMENT_3D('',#2034,#1610,#1611);
#1313=AXIS2_PLACEMENT_3D('',#2040,#1615,#1616);
#1314=AXIS2_PLACEMENT_3D('',#2043,#1618,#1619);
#1315=AXIS2_PLACEMENT_3D('',#2044,#1620,#1621);
#1316=AXIS2_PLACEMENT_3D('',#2048,#1624,#1625);
#1317=AXIS2_PLACEMENT_3D('',#2051,#1627,#1628);
#1318=AXIS2_PLACEMENT_3D('',#2052,#1629,#1630);
#1319=AXIS2_PLACEMENT_3D('',#2056,#1633,#1634);
#1320=AXIS2_PLACEMENT_3D('',#2059,#1636,#1637);
#1321=AXIS2_PLACEMENT_3D('',#2060,#1638,#1639);
#1322=AXIS2_PLACEMENT_3D('',#2064,#1642,#1643);
#1323=AXIS2_PLACEMENT_3D('',#2067,#1645,#1646);
#1324=AXIS2_PLACEMENT_3D('',#2068,#1647,#1648);
#1325=AXIS2_PLACEMENT_3D('',#2069,#1649,#1650);
#1326=AXIS2_PLACEMENT_3D('',#2072,#1651,#1652);
#1327=AXIS2_PLACEMENT_3D('',#2074,#1653,#1654);
#1328=AXIS2_PLACEMENT_3D('',#2076,#1655,#1656);
#1329=AXIS2_PLACEMENT_3D('',#2077,#1657,#1658);
#1330=AXIS2_PLACEMENT_3D('',#2078,#1659,#1660);
#1331=AXIS2_PLACEMENT_3D('',#2080,#1661,#1662);
#1332=AXIS2_PLACEMENT_3D('',#2083,#1665,#1666);
#1333=AXIS2_PLACEMENT_3D('',#2085,#1667,#1668);
#1334=AXIS2_PLACEMENT_3D('',#2086,#1669,#1670);
#1335=AXIS2_PLACEMENT_3D('',#2087,#1671,#1672);
#1336=AXIS2_PLACEMENT_3D('',#2089,#1673,#1674);
#1337=AXIS2_PLACEMENT_3D('',#2091,#1676,#1677);
#1338=AXIS2_PLACEMENT_3D('',#2093,#1678,#1679);
#1339=AXIS2_PLACEMENT_3D('',#2094,#1680,#1681);
#1340=AXIS2_PLACEMENT_3D('',#2095,#1682,#1683);
#1341=AXIS2_PLACEMENT_3D('',#2097,#1684,#1685);
#1342=AXIS2_PLACEMENT_3D('',#2099,#1687,#1688);
#1343=AXIS2_PLACEMENT_3D('',#2101,#1689,#1690);
#1344=AXIS2_PLACEMENT_3D('',#2102,#1691,#1692);
#1345=AXIS2_PLACEMENT_3D('',#2103,#1693,#1694);
#1346=AXIS2_PLACEMENT_3D('',#2105,#1695,#1696);
#1347=AXIS2_PLACEMENT_3D('',#2107,#1698,#1699);
#1348=AXIS2_PLACEMENT_3D('',#2109,#1700,#1701);
#1349=AXIS2_PLACEMENT_3D('',#2110,#1702,#1703);
#1350=AXIS2_PLACEMENT_3D('',#2111,#1704,#1705);
#1351=AXIS2_PLACEMENT_3D('',#2113,#1706,#1707);
#1352=AXIS2_PLACEMENT_3D('',#2115,#1709,#1710);
#1353=AXIS2_PLACEMENT_3D('',#2118,#1711,#1712);
#1354=AXIS2_PLACEMENT_3D('',#2119,#1713,#1714);
#1355=AXIS2_PLACEMENT_3D('',#2120,#1715,#1716);
#1356=AXIS2_PLACEMENT_3D('',#2121,#1717,#1718);
#1357=AXIS2_PLACEMENT_3D('',#2124,#1719,#1720);
#1358=AXIS2_PLACEMENT_3D('',#2127,#1723,#1724);
#1359=AXIS2_PLACEMENT_3D('',#2130,#1725,#1726);
#1360=AXIS2_PLACEMENT_3D('',#2131,#1727,#1728);
#1361=AXIS2_PLACEMENT_3D('',#2132,#1729,#1730);
#1362=AXIS2_PLACEMENT_3D('',#2133,#1731,#1732);
#1363=AXIS2_PLACEMENT_3D('',#2136,#1733,#1734);
#1364=AXIS2_PLACEMENT_3D('',#2139,#1737,#1738);
#1365=AXIS2_PLACEMENT_3D('',#2142,#1739,#1740);
#1366=AXIS2_PLACEMENT_3D('',#2143,#1741,#1742);
#1367=AXIS2_PLACEMENT_3D('',#2144,#1743,#1744);
#1368=AXIS2_PLACEMENT_3D('',#2145,#1745,#1746);
#1369=AXIS2_PLACEMENT_3D('',#2148,#1749,#1750);
#1370=AXIS2_PLACEMENT_3D('',#2150,#1752,#1753);
#1371=AXIS2_PLACEMENT_3D('',#2152,#1755,#1756);
#1372=AXIS2_PLACEMENT_3D('',#2154,#1758,#1759);
#1373=AXIS2_PLACEMENT_3D('',#2156,#1761,#1762);
#1374=AXIS2_PLACEMENT_3D('',#2158,#1764,#1765);
#1375=AXIS2_PLACEMENT_3D('',#2160,#1767,#1768);
#1376=AXIS2_PLACEMENT_3D('',#2162,#1770,#1771);
#1377=AXIS2_PLACEMENT_3D('',#2163,#1772,#1773);
#1378=AXIS2_PLACEMENT_3D('',#2164,#1774,#1775);
#1379=AXIS2_PLACEMENT_3D('',#2165,#1776,#1777);
#1380=AXIS2_PLACEMENT_3D('',#2167,#1778,#1779);
#1381=AXIS2_PLACEMENT_3D('',#2170,#1781,#1782);
#1382=AXIS2_PLACEMENT_3D('',#2171,#1783,#1784);
#1383=AXIS2_PLACEMENT_3D('',#2172,#1785,#1786);
#1384=AXIS2_PLACEMENT_3D('',#2173,#1787,#1788);
#1385=AXIS2_PLACEMENT_3D('',#2174,#1789,#1790);
#1386=AXIS2_PLACEMENT_3D('',#2175,#1791,#1792);
#1387=AXIS2_PLACEMENT_3D('',#2176,#1793,#1794);
#1388=AXIS2_PLACEMENT_3D('',#2177,#1795,#1796);
#1389=DIRECTION('axis',(0.,0.,1.));
#1390=DIRECTION('refdir',(1.,0.,0.));
#1391=DIRECTION('axis',(0.,0.,1.));
#1392=DIRECTION('refdir',(1.,0.,0.));
#1393=DIRECTION('center_axis',(0.,0.,-1.));
#1394=DIRECTION('ref_axis',(-1.,0.,0.));
#1395=DIRECTION('center_axis',(0.,0.,1.));
#1396=DIRECTION('ref_axis',(1.,0.,0.));
#1397=DIRECTION('center_axis',(-1.22464679914735E-16,-1.,0.));
#1398=DIRECTION('ref_axis',(1.,-1.22464679914735E-16,0.));
#1399=DIRECTION('center_axis',(0.,0.,-1.));
#1400=DIRECTION('ref_axis',(1.,0.,0.));
#1401=DIRECTION('center_axis',(0.,0.,-1.));
#1402=DIRECTION('ref_axis',(-1.,0.,0.));
#1403=DIRECTION('center_axis',(0.,0.,-1.));
#1404=DIRECTION('ref_axis',(1.,0.,0.));
#1405=DIRECTION('center_axis',(0.,0.,-1.));
#1406=DIRECTION('ref_axis',(-1.,0.,0.));
#1407=DIRECTION('center_axis',(0.,0.,-1.));
#1408=DIRECTION('ref_axis',(1.,0.,0.));
#1409=DIRECTION('center_axis',(0.,0.,-1.));
#1410=DIRECTION('ref_axis',(1.,0.,0.));
#1411=DIRECTION('center_axis',(0.,0.,-1.));
#1412=DIRECTION('ref_axis',(-1.,0.,0.));
#1413=DIRECTION('center_axis',(0.,0.,-1.));
#1414=DIRECTION('ref_axis',(1.,0.,0.));
#1415=DIRECTION('center_axis',(-0.500000000000001,-0.866025403784438,0.));
#1416=DIRECTION('ref_axis',(0.,0.,1.));
#1417=DIRECTION('',(-0.866025403784438,0.5,0.));
#1418=DIRECTION('',(0.,0.,1.));
#1419=DIRECTION('',(-0.866025403784438,0.5,0.));
#1420=DIRECTION('',(0.,0.,1.));
#1421=DIRECTION('center_axis',(0.,0.,-1.));
#1422=DIRECTION('ref_axis',(-0.5,-0.866025403784438,0.));
#1423=DIRECTION('',(-0.866025403784438,0.5,0.));
#1424=DIRECTION('',(-0.5,-0.866025403784438,0.));
#1425=DIRECTION('center_axis',(0.500000000000001,0.866025403784438,0.));
#1426=DIRECTION('ref_axis',(0.,0.,-1.));
#1427=DIRECTION('',(0.,0.,-1.));
#1428=DIRECTION('',(-0.866025403784438,0.5,0.));
#1429=DIRECTION('',(0.,0.,-1.));
#1430=DIRECTION('center_axis',(0.,0.,-1.));
#1431=DIRECTION('ref_axis',(1.,0.,0.));
#1432=DIRECTION('center_axis',(0.,0.,1.));
#1433=DIRECTION('ref_axis',(1.,0.,0.));
#1434=DIRECTION('',(0.,0.,1.));
#1435=DIRECTION('center_axis',(0.,0.,1.));
#1436=DIRECTION('ref_axis',(1.,0.,0.));
#1437=DIRECTION('',(0.,0.,-1.));
#1438=DIRECTION('',(0.,0.,1.));
#1439=DIRECTION('center_axis',(0.,0.,1.));
#1440=DIRECTION('ref_axis',(1.,0.,0.));
#1441=DIRECTION('',(0.,0.,1.));
#1442=DIRECTION('center_axis',(0.,0.,1.));
#1443=DIRECTION('ref_axis',(1.,0.,0.));
#1444=DIRECTION('',(0.,0.,-1.));
#1445=DIRECTION('center_axis',(1.,0.,0.));
#1446=DIRECTION('ref_axis',(0.,0.,1.));
#1447=DIRECTION('',(0.,-1.,0.));
#1448=DIRECTION('',(0.,0.,1.));
#1449=DIRECTION('',(0.,-1.,0.));
#1450=DIRECTION('center_axis',(0.,0.,-1.));
#1451=DIRECTION('ref_axis',(1.,0.,0.));
#1452=DIRECTION('',(0.,-1.,0.));
#1453=DIRECTION('',(1.,0.,0.));
#1454=DIRECTION('center_axis',(0.,0.,1.));
#1455=DIRECTION('ref_axis',(1.,0.,0.));
#1456=DIRECTION('center_axis',(0.,0.,1.));
#1457=DIRECTION('ref_axis',(1.,0.,0.));
#1458=DIRECTION('center_axis',(0.,0.,-1.));
#1459=DIRECTION('ref_axis',(1.,0.,0.));
#1460=DIRECTION('center_axis',(1.22464679914735E-16,-1.,0.));
#1461=DIRECTION('ref_axis',(-1.,-1.22464679914735E-16,0.));
#1462=DIRECTION('center_axis',(0.,0.,1.));
#1463=DIRECTION('ref_axis',(1.,0.,0.));
#1464=DIRECTION('center_axis',(0.,0.,1.));
#1465=DIRECTION('ref_axis',(0.5,0.866025403784438,0.));
#1466=DIRECTION('',(0.5,0.866025403784438,0.));
#1467=DIRECTION('center_axis',(-0.866025403784438,0.500000000000001,0.));
#1468=DIRECTION('ref_axis',(0.,0.,-1.));
#1469=DIRECTION('center_axis',(0.,0.,-1.));
#1470=DIRECTION('ref_axis',(-0.5,0.866025403784439,0.));
#1471=DIRECTION('',(0.866025403784439,0.5,0.));
#1472=DIRECTION('',(-0.5,0.866025403784439,0.));
#1473=DIRECTION('',(0.866025403784439,0.5,0.));
#1474=DIRECTION('center_axis',(-0.5,0.866025403784439,0.));
#1475=DIRECTION('ref_axis',(0.,0.,1.));
#1476=DIRECTION('',(0.,0.,1.));
#1477=DIRECTION('',(0.866025403784439,0.5,0.));
#1478=DIRECTION('center_axis',(0.5,-0.866025403784439,0.));
#1479=DIRECTION('ref_axis',(0.,0.,-1.));
#1480=DIRECTION('',(0.866025403784439,0.5,0.));
#1481=DIRECTION('',(0.,0.,-1.));
#1482=DIRECTION('center_axis',(0.,0.,1.));
#1483=DIRECTION('ref_axis',(0.5,-0.866025403784439,0.));
#1484=DIRECTION('',(0.5,-0.866025403784439,0.));
#1485=DIRECTION('center_axis',(0.866025403784439,0.5,0.));
#1486=DIRECTION('ref_axis',(0.,0.,-1.));
#1487=DIRECTION('center_axis',(-1.,0.,0.));
#1488=DIRECTION('ref_axis',(0.,0.,-1.));
#1489=DIRECTION('',(0.,-1.,0.));
#1490=DIRECTION('',(0.,0.,-1.));
#1491=DIRECTION('center_axis',(0.,0.,1.));
#1492=DIRECTION('ref_axis',(-1.,0.,0.));
#1493=DIRECTION('',(-1.,0.,0.));
#1494=DIRECTION('center_axis',(0.,-1.,0.));
#1495=DIRECTION('ref_axis',(0.,0.,-1.));
#1496=DIRECTION('axis',(0.,0.,1.));
#1497=DIRECTION('refdir',(1.,0.,0.));
#1498=DIRECTION('center_axis',(0.,0.,1.));
#1499=DIRECTION('ref_axis',(1.,0.,0.));
#1500=DIRECTION('center_axis',(0.96400836446471,0.265871911344684,0.));
#1501=DIRECTION('ref_axis',(0.265871911344684,-0.96400836446471,0.));
#1502=DIRECTION('center_axis',(0.,0.,1.));
#1503=DIRECTION('ref_axis',(0.823322332579085,-0.567574080342411,0.));
#1504=DIRECTION('center_axis',(0.0944344238553828,-0.995531084191298,0.));
#1505=DIRECTION('ref_axis',(0.,0.,-1.));
#1506=DIRECTION('center_axis',(0.,0.,-1.));
#1507=DIRECTION('ref_axis',(0.823322332579085,-0.567574080342411,0.));
#1508=DIRECTION('center_axis',(0.0944344238553795,-0.995531084191299,0.));
#1509=DIRECTION('ref_axis',(0.703946780513663,0.0667752214855404,-0.707106781186551));
#1510=DIRECTION('center_axis',(0.0944344238553224,-0.995531084191304,0.));
#1511=DIRECTION('ref_axis',(0.,0.,-1.));
#1512=DIRECTION('',(0.0944344238553795,-0.995531084191299,0.));
#1513=DIRECTION('',(-0.0944344238553795,0.995531084191299,0.));
#1514=DIRECTION('center_axis',(0.,0.,1.));
#1515=DIRECTION('ref_axis',(1.,0.,0.));
#1516=DIRECTION('center_axis',(1.,0.,0.));
#1517=DIRECTION('ref_axis',(0.,0.,-1.));
#1518=DIRECTION('center_axis',(0.,0.,-1.));
#1519=DIRECTION('ref_axis',(0.67289136424263,0.739741314195504,0.));
#1520=DIRECTION('center_axis',(0.,0.,1.));
#1521=DIRECTION('ref_axis',(0.67289136424263,0.739741314195504,0.));
#1522=DIRECTION('center_axis',(1.,0.,0.));
#1523=DIRECTION('ref_axis',(0.,0.707106781186626,-0.707106781186469));
#1524=DIRECTION('center_axis',(1.,0.,0.));
#1525=DIRECTION('ref_axis',(0.,0.,-1.));
#1526=DIRECTION('',(1.,0.,0.));
#1527=DIRECTION('',(-1.,0.,0.));
#1528=DIRECTION('center_axis',(0.,0.,1.));
#1529=DIRECTION('ref_axis',(1.,0.,0.));
#1530=DIRECTION('center_axis',(0.0944344238553224,0.995531084191304,0.));
#1531=DIRECTION('ref_axis',(0.,0.,-1.));
#1532=DIRECTION('center_axis',(0.,0.,-1.));
#1533=DIRECTION('ref_axis',(-0.672891364242635,0.7397413141955,0.));
#1534=DIRECTION('center_axis',(0.,0.,1.));
#1535=DIRECTION('ref_axis',(-0.672891364242635,0.7397413141955,0.));
#1536=DIRECTION('center_axis',(0.0944344238553795,0.995531084191299,0.));
#1537=DIRECTION('ref_axis',(-0.703946780513663,0.0667752214855404,-0.707106781186551));
#1538=DIRECTION('center_axis',(0.0944344238553191,0.995531084191304,0.));
#1539=DIRECTION('ref_axis',(0.,0.,-1.));
#1540=DIRECTION('',(0.0944344238553795,0.995531084191299,0.));
#1541=DIRECTION('',(-0.0944344238553795,-0.995531084191299,0.));
#1542=DIRECTION('center_axis',(0.,0.,1.));
#1543=DIRECTION('ref_axis',(-0.823322332579084,-0.567574080342412,0.));
#1544=DIRECTION('center_axis',(-0.964008364464711,0.265871911344677,0.));
#1545=DIRECTION('ref_axis',(0.,0.,-1.));
#1546=DIRECTION('center_axis',(0.,0.,-1.));
#1547=DIRECTION('ref_axis',(-0.823322332579086,-0.567574080342411,0.));
#1548=DIRECTION('center_axis',(0.,0.,1.));
#1549=DIRECTION('ref_axis',(-0.823322332579086,-0.567574080342411,0.));
#1550=DIRECTION('center_axis',(-0.964008364464723,0.265871911344636,0.));
#1551=DIRECTION('ref_axis',(-0.187999831438836,-0.6816568516336,-0.707106781186504));
#1552=DIRECTION('center_axis',(-0.964008364464722,0.265871911344641,0.));
#1553=DIRECTION('ref_axis',(0.,0.,-1.));
#1554=DIRECTION('',(-0.964008364464723,0.265871911344636,0.));
#1555=DIRECTION('',(0.964008364464723,-0.265871911344636,0.));
#1556=DIRECTION('center_axis',(0.,0.,-1.));
#1557=DIRECTION('ref_axis',(-1.,0.,0.));
#1558=DIRECTION('center_axis',(0.,1.,0.));
#1559=DIRECTION('ref_axis',(0.,0.,-1.));
#1560=DIRECTION('center_axis',(0.,0.,1.));
#1561=DIRECTION('ref_axis',(0.795572721800037,0.605858105770387,0.));
#1562=DIRECTION('center_axis',(0.,0.,-1.));
#1563=DIRECTION('ref_axis',(0.795572721800037,0.605858105770387,0.));
#1564=DIRECTION('center_axis',(0.,1.,0.));
#1565=DIRECTION('ref_axis',(-0.707106781186538,0.,-0.707106781186557));
#1566=DIRECTION('center_axis',(-5.162537064507E-14,1.,0.));
#1567=DIRECTION('ref_axis',(0.,0.,-1.));
#1568=DIRECTION('',(0.,1.,0.));
#1569=DIRECTION('',(0.,-1.,0.));
#1570=DIRECTION('center_axis',(0.,0.,1.));
#1571=DIRECTION('ref_axis',(1.,0.,0.));
#1572=DIRECTION('center_axis',(-1.,1.77635683940023E-14,0.));
#1573=DIRECTION('ref_axis',(0.,0.,-1.));
#1574=DIRECTION('center_axis',(0.,0.,-1.));
#1575=DIRECTION('ref_axis',(-0.707106781186548,-0.707106781186548,0.));
#1576=DIRECTION('center_axis',(0.,0.,1.));
#1577=DIRECTION('ref_axis',(-0.707106781186547,-0.707106781186547,0.));
#1578=DIRECTION('center_axis',(-1.,-4.44089209850063E-16,0.));
#1579=DIRECTION('ref_axis',(0.,-0.707106781186544,-0.707106781186551));
#1580=DIRECTION('center_axis',(-1.,0.,0.));
#1581=DIRECTION('ref_axis',(0.,0.,-1.));
#1582=DIRECTION('',(-1.,-4.44089209850063E-16,0.));
#1583=DIRECTION('',(1.,4.44089209850063E-16,0.));
#1584=DIRECTION('center_axis',(0.,0.,1.));
#1585=DIRECTION('ref_axis',(1.,0.,0.));
#1586=DIRECTION('center_axis',(4.99600361081322E-15,-1.,0.));
#1587=DIRECTION('ref_axis',(0.,0.,-1.));
#1588=DIRECTION('center_axis',(0.,0.,-1.));
#1589=DIRECTION('ref_axis',(0.707106781186548,-0.707106781186547,0.));
#1590=DIRECTION('center_axis',(0.,0.,1.));
#1591=DIRECTION('ref_axis',(0.707106781186548,-0.707106781186547,0.));
#1592=DIRECTION('center_axis',(2.85485920617897E-16,-1.,0.));
#1593=DIRECTION('ref_axis',(0.707106781186544,0.,-0.707106781186551));
#1594=DIRECTION('center_axis',(0.,-1.,0.));
#1595=DIRECTION('ref_axis',(0.,0.,-1.));
#1596=DIRECTION('',(2.85485920617897E-16,-1.,0.));
#1597=DIRECTION('',(-2.85485920617897E-16,1.,0.));
#1598=DIRECTION('center_axis',(0.,0.,-1.));
#1599=DIRECTION('ref_axis',(-1.,0.,0.));
#1600=DIRECTION('center_axis',(-0.964008364464723,-0.265871911344637,0.));
#1601=DIRECTION('ref_axis',(0.,0.,-1.));
#1602=DIRECTION('center_axis',(0.,0.,1.));
#1603=DIRECTION('ref_axis',(-0.795572721800037,0.605858105770387,0.));
#1604=DIRECTION('center_axis',(0.,0.,-1.));
#1605=DIRECTION('ref_axis',(-0.795572721800037,0.605858105770387,0.));
#1606=DIRECTION('center_axis',(-0.964008364464722,-0.265871911344637,0.));
#1607=DIRECTION('ref_axis',(0.187999831438842,-0.681656851633573,-0.707106781186528));
#1608=DIRECTION('',(0.964008364464722,0.265871911344637,0.));
#1609=DIRECTION('',(-0.964008364464722,-0.265871911344637,0.));
#1610=DIRECTION('center_axis',(-1.,0.,0.));
#1611=DIRECTION('ref_axis',(0.,1.,0.));
#1612=DIRECTION('',(0.,0.,-1.));
#1613=DIRECTION('',(0.,-1.,0.));
#1614=DIRECTION('',(0.,0.,1.));
#1615=DIRECTION('center_axis',(0.,0.,-1.));
#1616=DIRECTION('ref_axis',(-0.707106781186547,-0.707106781186548,0.));
#1617=DIRECTION('',(0.,0.,1.));
#1618=DIRECTION('center_axis',(0.,0.,1.));
#1619=DIRECTION('ref_axis',(-0.707106781186548,-0.707106781186548,0.));
#1620=DIRECTION('center_axis',(4.44089209850063E-16,-1.,0.));
#1621=DIRECTION('ref_axis',(-1.,-4.44089209850063E-16,0.));
#1622=DIRECTION('',(0.,0.,-1.));
#1623=DIRECTION('',(1.,4.44089209850063E-16,0.));
#1624=DIRECTION('center_axis',(0.,0.,-1.));
#1625=DIRECTION('ref_axis',(0.707106781186548,-0.707106781186547,0.));
#1626=DIRECTION('',(0.,0.,1.));
#1627=DIRECTION('center_axis',(0.,0.,1.));
#1628=DIRECTION('ref_axis',(0.707106781186548,-0.707106781186547,0.));
#1629=DIRECTION('center_axis',(1.,2.85485920617897E-16,0.));
#1630=DIRECTION('ref_axis',(2.85485920617897E-16,-1.,0.));
#1631=DIRECTION('',(0.,0.,-1.));
#1632=DIRECTION('',(-2.85485920617897E-16,1.,0.));
#1633=DIRECTION('center_axis',(0.,0.,-1.));
#1634=DIRECTION('ref_axis',(-0.795572721800037,0.605858105770387,0.));
#1635=DIRECTION('',(0.,0.,1.));
#1636=DIRECTION('center_axis',(0.,0.,-1.));
#1637=DIRECTION('ref_axis',(-0.795572721800037,0.605858105770387,0.));
#1638=DIRECTION('center_axis',(0.265871911344637,-0.964008364464722,0.));
#1639=DIRECTION('ref_axis',(-0.964008364464722,-0.265871911344637,0.));
#1640=DIRECTION('',(0.,0.,-1.));
#1641=DIRECTION('',(0.964008364464722,0.265871911344637,0.));
#1642=DIRECTION('center_axis',(0.,0.,-1.));
#1643=DIRECTION('ref_axis',(0.823322332579086,-0.56757408034241,0.));
#1644=DIRECTION('',(0.,0.,1.));
#1645=DIRECTION('center_axis',(0.,0.,1.));
#1646=DIRECTION('ref_axis',(0.823322332579085,-0.567574080342411,0.));
#1647=DIRECTION('center_axis',(0.,0.,-1.));
#1648=DIRECTION('ref_axis',(-1.,0.,0.));
#1649=DIRECTION('center_axis',(0.,0.,-1.));
#1650=DIRECTION('ref_axis',(-1.,0.,0.));
#1651=DIRECTION('center_axis',(1.,0.,0.));
#1652=DIRECTION('ref_axis',(0.,1.,0.));
#1653=DIRECTION('center_axis',(0.,0.,-1.));
#1654=DIRECTION('ref_axis',(0.67289136424263,0.739741314195504,0.));
#1655=DIRECTION('center_axis',(-0.0944344238553174,0.995531084191305,0.));
#1656=DIRECTION('ref_axis',(0.,0.,1.));
#1657=DIRECTION('center_axis',(0.,0.,1.));
#1658=DIRECTION('ref_axis',(0.67289136424263,0.739741314195504,0.));
#1659=DIRECTION('center_axis',(-0.0944344238553795,0.995531084191299,0.));
#1660=DIRECTION('ref_axis',(0.703946780513665,0.0667752214855406,0.707106781186549));
#1661=DIRECTION('center_axis',(-0.0944344238554028,0.995531084191296,0.));
#1662=DIRECTION('ref_axis',(0.,0.,1.));
#1663=DIRECTION('',(-0.0944344238553795,0.995531084191299,0.));
#1664=DIRECTION('',(0.0944344238553795,-0.995531084191299,0.));
#1665=DIRECTION('center_axis',(0.,0.,-1.));
#1666=DIRECTION('ref_axis',(0.823322332579084,-0.567574080342412,0.));
#1667=DIRECTION('center_axis',(0.96400836446471,0.265871911344684,0.));
#1668=DIRECTION('ref_axis',(0.,0.,1.));
#1669=DIRECTION('center_axis',(0.,0.,-1.));
#1670=DIRECTION('ref_axis',(0.823322332579085,-0.567574080342411,0.));
#1671=DIRECTION('center_axis',(0.964008364464722,0.265871911344637,0.));
#1672=DIRECTION('ref_axis',(0.187999831438843,-0.681656851633574,0.707106781186526));
#1673=DIRECTION('center_axis',(0.964008364464728,0.265871911344619,0.));
#1674=DIRECTION('ref_axis',(0.,0.,1.));
#1675=DIRECTION('',(-0.964008364464722,-0.265871911344637,0.));
#1676=DIRECTION('center_axis',(0.,0.,1.));
#1677=DIRECTION('ref_axis',(1.,0.,0.));
#1678=DIRECTION('center_axis',(0.,1.,0.));
#1679=DIRECTION('ref_axis',(0.,0.,1.));
#1680=DIRECTION('center_axis',(0.,0.,1.));
#1681=DIRECTION('ref_axis',(-0.795572721800037,0.605858105770387,0.));
#1682=DIRECTION('center_axis',(-2.85485920617897E-16,1.,0.));
#1683=DIRECTION('ref_axis',(0.707106781186546,0.,0.707106781186549));
#1684=DIRECTION('center_axis',(3.88578058618808E-15,1.,0.));
#1685=DIRECTION('ref_axis',(0.,0.,1.));
#1686=DIRECTION('',(2.85485920617897E-16,-1.,0.));
#1687=DIRECTION('center_axis',(0.,0.,-1.));
#1688=DIRECTION('ref_axis',(-1.,0.,0.));
#1689=DIRECTION('center_axis',(1.,-8.88178419700128E-15,0.));
#1690=DIRECTION('ref_axis',(0.,0.,1.));
#1691=DIRECTION('center_axis',(0.,0.,-1.));
#1692=DIRECTION('ref_axis',(0.707106781186548,-0.707106781186547,0.));
#1693=DIRECTION('center_axis',(1.,4.44089209850063E-16,0.));
#1694=DIRECTION('ref_axis',(0.,-0.707106781186546,0.707106781186549));
#1695=DIRECTION('center_axis',(1.,0.,0.));
#1696=DIRECTION('ref_axis',(0.,0.,1.));
#1697=DIRECTION('',(-1.,-4.44089209850063E-16,0.));
#1698=DIRECTION('center_axis',(0.,0.,-1.));
#1699=DIRECTION('ref_axis',(-1.,0.,0.));
#1700=DIRECTION('center_axis',(-1.66533453693771E-15,-1.,0.));
#1701=DIRECTION('ref_axis',(0.,0.,1.));
#1702=DIRECTION('center_axis',(0.,0.,-1.));
#1703=DIRECTION('ref_axis',(-0.707106781186547,-0.707106781186547,0.));
#1704=DIRECTION('center_axis',(0.,-1.,0.));
#1705=DIRECTION('ref_axis',(-0.70710678118654,0.,0.707106781186555));
#1706=DIRECTION('center_axis',(0.,-1.,0.));
#1707=DIRECTION('ref_axis',(0.,0.,1.));
#1708=DIRECTION('',(0.,1.,0.));
#1709=DIRECTION('center_axis',(0.,0.,1.));
#1710=DIRECTION('ref_axis',(1.,0.,0.));
#1711=DIRECTION('center_axis',(0.964008364464723,-0.265871911344635,0.));
#1712=DIRECTION('ref_axis',(0.,0.,1.));
#1713=DIRECTION('center_axis',(0.,0.,-1.));
#1714=DIRECTION('ref_axis',(0.795572721800037,0.605858105770387,0.));
#1715=DIRECTION('center_axis',(0.,0.,1.));
#1716=DIRECTION('ref_axis',(0.795572721800037,0.605858105770387,0.));
#1717=DIRECTION('center_axis',(0.964008364464723,-0.265871911344636,0.));
#1718=DIRECTION('ref_axis',(-0.187999831438836,-0.681656851633601,0.707106781186502));
#1719=DIRECTION('center_axis',(0.964008364464722,-0.265871911344641,0.));
#1720=DIRECTION('ref_axis',(0.,0.,1.));
#1721=DIRECTION('',(0.964008364464723,-0.265871911344636,0.));
#1722=DIRECTION('',(-0.964008364464723,0.265871911344636,0.));
#1723=DIRECTION('center_axis',(0.,0.,-1.));
#1724=DIRECTION('ref_axis',(-1.,0.,0.));
#1725=DIRECTION('center_axis',(-0.0944344238553895,-0.995531084191298,0.));
#1726=DIRECTION('ref_axis',(0.,0.,1.));
#1727=DIRECTION('center_axis',(0.,0.,1.));
#1728=DIRECTION('ref_axis',(-0.823322332579086,-0.567574080342411,0.));
#1729=DIRECTION('center_axis',(0.,0.,-1.));
#1730=DIRECTION('ref_axis',(-0.823322332579086,-0.567574080342411,0.));
#1731=DIRECTION('center_axis',(-0.0944344238553795,-0.995531084191299,0.));
#1732=DIRECTION('ref_axis',(-0.703946780513665,0.0667752214855406,0.707106781186549));
#1733=DIRECTION('center_axis',(-0.0944344238553157,-0.995531084191305,0.));
#1734=DIRECTION('ref_axis',(0.,0.,1.));
#1735=DIRECTION('',(-0.0944344238553795,-0.995531084191299,0.));
#1736=DIRECTION('',(0.0944344238553795,0.995531084191299,0.));
#1737=DIRECTION('center_axis',(0.,0.,-1.));
#1738=DIRECTION('ref_axis',(-1.,0.,0.));
#1739=DIRECTION('center_axis',(-1.,3.55271367880171E-14,0.));
#1740=DIRECTION('ref_axis',(0.,0.,1.));
#1741=DIRECTION('center_axis',(0.,0.,1.));
#1742=DIRECTION('ref_axis',(-0.672891364242635,0.7397413141955,0.));
#1743=DIRECTION('center_axis',(0.,0.,-1.));
#1744=DIRECTION('ref_axis',(-0.672891364242635,0.7397413141955,0.));
#1745=DIRECTION('center_axis',(-1.,0.,0.));
#1746=DIRECTION('ref_axis',(0.,0.707106781186628,0.707106781186467));
#1747=DIRECTION('',(1.,0.,0.));
#1748=DIRECTION('',(-1.,0.,0.));
#1749=DIRECTION('center_axis',(0.,0.,-1.));
#1750=DIRECTION('ref_axis',(0.795572721800037,0.605858105770387,0.));
#1751=DIRECTION('',(0.,0.,-1.));
#1752=DIRECTION('center_axis',(-0.265871911344636,-0.964008364464723,0.));
#1753=DIRECTION('ref_axis',(-0.964008364464723,0.265871911344636,0.));
#1754=DIRECTION('',(0.,0.,1.));
#1755=DIRECTION('center_axis',(0.,0.,-1.));
#1756=DIRECTION('ref_axis',(-0.823322332579085,-0.567574080342412,0.));
#1757=DIRECTION('',(0.,0.,-1.));
#1758=DIRECTION('center_axis',(-0.995531084191299,0.0944344238553795,0.));
#1759=DIRECTION('ref_axis',(0.0944344238553795,0.995531084191299,0.));
#1760=DIRECTION('',(0.,0.,1.));
#1761=DIRECTION('center_axis',(0.,0.,-1.));
#1762=DIRECTION('ref_axis',(-0.672891364242636,0.739741314195499,0.));
#1763=DIRECTION('',(0.,0.,-1.));
#1764=DIRECTION('center_axis',(0.,1.,0.));
#1765=DIRECTION('ref_axis',(1.,0.,0.));
#1766=DIRECTION('',(0.,0.,1.));
#1767=DIRECTION('center_axis',(0.,0.,-1.));
#1768=DIRECTION('ref_axis',(0.67289136424263,0.739741314195505,0.));
#1769=DIRECTION('',(0.,0.,-1.));
#1770=DIRECTION('center_axis',(0.,0.,1.));
#1771=DIRECTION('ref_axis',(1.,0.,0.));
#1772=DIRECTION('center_axis',(0.995531084191299,0.0944344238553795,0.));
#1773=DIRECTION('ref_axis',(0.0944344238553795,-0.995531084191299,0.));
#1774=DIRECTION('axis',(0.,0.,1.));
#1775=DIRECTION('refdir',(1.,0.,0.));
#1776=DIRECTION('center_axis',(0.,0.,1.));
#1777=DIRECTION('ref_axis',(0.500000000000001,-0.866025403784438,0.));
#1778=DIRECTION('center_axis',(0.,0.,1.));
#1779=DIRECTION('ref_axis',(0.500000000000001,-0.866025403784438,0.));
#1780=DIRECTION('',(0.,0.,-1.));
#1781=DIRECTION('center_axis',(0.,0.,1.));
#1782=DIRECTION('ref_axis',(0.500000000000001,-0.866025403784438,0.));
#1783=DIRECTION('center_axis',(0.,0.,1.));
#1784=DIRECTION('ref_axis',(0.500000000000001,-0.866025403784438,0.));
#1785=DIRECTION('center_axis',(0.,0.,1.));
#1786=DIRECTION('ref_axis',(0.500000000000001,-0.866025403784438,0.));
#1787=DIRECTION('',(-1.97664562381653E-16,-4.51230178961699E-16,0.999999999999995));
#1788=DIRECTION('',(-0.500000000000001,0.866025403784439,1.29880287444467E-15));
#1789=DIRECTION('',(-1.97664562381654E-16,-4.512301789617E-16,0.999999999999994));
#1790=DIRECTION('',(1.,-2.38697950294409E-15,1.38278128639258E-17));
#1791=DIRECTION('',(-1.97664562381654E-16,-4.512301789617E-16,0.999999999999994));
#1792=DIRECTION('',(1.,-2.38697950294409E-15,1.38278128639258E-17));
#1793=DIRECTION('',(-1.97664562381654E-16,-4.51230178961701E-16,0.999999999999995));
#1794=DIRECTION('',(-0.500000000000001,-0.866025403784438,-1.3126306873086E-15));
#1795=DIRECTION('',(1.97664562381654E-16,4.512301789617E-16,-0.999999999999994));
#1796=DIRECTION('',(0.927367381732086,0.374152026988202,5.76936914828903E-16));
#1797=CARTESIAN_POINT('',(0.,0.,0.));
#1798=CARTESIAN_POINT('',(0.,0.,0.));
#1799=CARTESIAN_POINT('Origin',(0.,0.,-12.));
#1800=CARTESIAN_POINT('',(67.,-8.20513355428727E-15,-20.));
#1801=CARTESIAN_POINT('Origin',(0.,0.,-20.));
#1802=CARTESIAN_POINT('',(75.,-9.18485099360515E-15,-12.));
#1803=CARTESIAN_POINT('Origin',(67.,-8.20513355428727E-15,-12.));
#1804=CARTESIAN_POINT('',(70.2934422872475,-26.1501810970672,-12.));
#1805=CARTESIAN_POINT('Origin',(0.,0.,-12.));
#1806=CARTESIAN_POINT('',(70.0703114422649,-26.021356443652,-14.));
#1807=CARTESIAN_POINT('Ctrl Pts',(70.2934422872475,-26.1501810970672,-12.));
#1808=CARTESIAN_POINT('Ctrl Pts',(70.2934422872475,-26.1501810970672,-12.4912684846698));
#1809=CARTESIAN_POINT('Ctrl Pts',(70.2510666912085,-26.125715535287,-13.0277211343019));
#1810=CARTESIAN_POINT('Ctrl Pts',(70.1336700844736,-26.0579365727866,-13.70318361227));
#1811=CARTESIAN_POINT('Ctrl Pts',(70.1037322883566,-26.0406519781395,-13.8526422564188));
#1812=CARTESIAN_POINT('Ctrl Pts',(70.0703114422649,-26.021356443652,-14.));
#1813=CARTESIAN_POINT('',(57.5703114422649,-47.6719915382629,-14.));
#1814=CARTESIAN_POINT('Origin',(0.,0.,-14.));
#1815=CARTESIAN_POINT('',(57.7934422872475,-47.8008161916781,-12.));
#1816=CARTESIAN_POINT('Ctrl Pts',(57.5703114422649,-47.6719915382629,-14.));
#1817=CARTESIAN_POINT('Ctrl Pts',(57.6037322883566,-47.6912870727505,-13.8526422564188));
#1818=CARTESIAN_POINT('Ctrl Pts',(57.6336700844736,-47.7085716673976,-13.70318361227));
#1819=CARTESIAN_POINT('Ctrl Pts',(57.7510666912085,-47.7763506298979,-13.0277211343019));
#1820=CARTESIAN_POINT('Ctrl Pts',(57.7934422872475,-47.8008161916781,-12.4912684846698));
#1821=CARTESIAN_POINT('Ctrl Pts',(57.7934422872475,-47.8008161916781,-12.));
#1822=CARTESIAN_POINT('',(-57.7934422872475,-47.8008161916781,-12.));
#1823=CARTESIAN_POINT('Origin',(0.,0.,-12.));
#1824=CARTESIAN_POINT('',(-57.5703114422649,-47.6719915382629,-14.));
#1825=CARTESIAN_POINT('Ctrl Pts',(-57.7934422872475,-47.8008161916781,-12.));
#1826=CARTESIAN_POINT('Ctrl Pts',(-57.7934422872475,-47.8008161916781,-12.4912684846698));
#1827=CARTESIAN_POINT('Ctrl Pts',(-57.7510666912085,-47.7763506298979,-13.0277211343019));
#1828=CARTESIAN_POINT('Ctrl Pts',(-57.6336700844736,-47.7085716673976,-13.70318361227));
#1829=CARTESIAN_POINT('Ctrl Pts',(-57.6037322883566,-47.6912870727505,-13.8526422564188));
#1830=CARTESIAN_POINT('Ctrl Pts',(-57.5703114422649,-47.6719915382629,-14.));
#1831=CARTESIAN_POINT('',(-70.0703114422649,-26.0213564436519,-14.));
#1832=CARTESIAN_POINT('Origin',(0.,0.,-14.));
#1833=CARTESIAN_POINT('',(-70.2934422872475,-26.1501810970671,-12.));
#1834=CARTESIAN_POINT('Ctrl Pts',(-70.0703114422649,-26.0213564436519,-14.));
#1835=CARTESIAN_POINT('Ctrl Pts',(-70.1037322883566,-26.0406519781395,-13.8526422564188));
#1836=CARTESIAN_POINT('Ctrl Pts',(-70.1336700844736,-26.0579365727866,-13.70318361227));
#1837=CARTESIAN_POINT('Ctrl Pts',(-70.2510666912085,-26.1257155352869,-13.0277211343019));
#1838=CARTESIAN_POINT('Ctrl Pts',(-70.2934422872475,-26.1501810970671,-12.4912684846698));
#1839=CARTESIAN_POINT('Ctrl Pts',(-70.2934422872475,-26.1501810970671,-12.));
#1840=CARTESIAN_POINT('',(-75.,9.18485099360515E-15,-12.));
#1841=CARTESIAN_POINT('Origin',(0.,0.,-12.));
#1842=CARTESIAN_POINT('',(-12.5,73.9509972887452,-12.));
#1843=CARTESIAN_POINT('Origin',(0.,0.,-12.));
#1844=CARTESIAN_POINT('',(-12.5,73.6933479819148,-14.));
#1845=CARTESIAN_POINT('Ctrl Pts',(-12.5,73.9509972887452,-12.));
#1846=CARTESIAN_POINT('Ctrl Pts',(-12.5,73.9509972887452,-12.4912684846698));
#1847=CARTESIAN_POINT('Ctrl Pts',(-12.5,73.9020661651849,-13.0277211343019));
#1848=CARTESIAN_POINT('Ctrl Pts',(-12.5,73.7665082401842,-13.70318361227));
#1849=CARTESIAN_POINT('Ctrl Pts',(-12.5,73.73193905089,-13.8526422564188));
#1850=CARTESIAN_POINT('Ctrl Pts',(-12.5,73.6933479819148,-14.));
#1851=CARTESIAN_POINT('',(12.5,73.6933479819148,-14.));
#1852=CARTESIAN_POINT('Origin',(0.,0.,-14.));
#1853=CARTESIAN_POINT('',(12.5,73.9509972887452,-12.));
#1854=CARTESIAN_POINT('Ctrl Pts',(12.5,73.6933479819148,-14.));
#1855=CARTESIAN_POINT('Ctrl Pts',(12.5,73.73193905089,-13.8526422564188));
#1856=CARTESIAN_POINT('Ctrl Pts',(12.5,73.7665082401842,-13.70318361227));
#1857=CARTESIAN_POINT('Ctrl Pts',(12.5,73.9020661651849,-13.0277211343019));
#1858=CARTESIAN_POINT('Ctrl Pts',(12.5,73.9509972887452,-12.4912684846698));
#1859=CARTESIAN_POINT('Ctrl Pts',(12.5,73.9509972887452,-12.));
#1860=CARTESIAN_POINT('Origin',(0.,0.,-12.));
#1861=CARTESIAN_POINT('Origin',(58.7019052838329,-48.3253175473055,-14.));
#1862=CARTESIAN_POINT('',(37.0512701892219,-35.8253175473055,-14.));
#1863=CARTESIAN_POINT('',(58.7019052838329,-48.3253175473055,-14.));
#1864=CARTESIAN_POINT('',(37.0512701892219,-35.8253175473055,-10.));
#1865=CARTESIAN_POINT('',(37.0512701892219,-35.8253175473055,-14.));
#1866=CARTESIAN_POINT('',(57.7934422872475,-47.8008161916781,-10.));
#1867=CARTESIAN_POINT('',(58.7019052838329,-48.3253175473055,-10.));
#1868=CARTESIAN_POINT('',(57.7934422872475,-47.8008161916781,0.));
#1869=CARTESIAN_POINT('Origin',(71.2019052838329,-26.6746824526946,-14.));
#1870=CARTESIAN_POINT('',(49.5512701892219,-14.1746824526945,-14.));
#1871=CARTESIAN_POINT('',(71.2019052838329,-26.6746824526946,-14.));
#1872=CARTESIAN_POINT('',(49.5512701892219,-14.1746824526945,-14.));
#1873=CARTESIAN_POINT('Origin',(71.2019052838329,-26.6746824526946,-10.));
#1874=CARTESIAN_POINT('',(70.2934422872475,-26.1501810970672,-10.));
#1875=CARTESIAN_POINT('',(70.2934422872475,-26.1501810970672,0.));
#1876=CARTESIAN_POINT('',(49.5512701892219,-14.1746824526945,-10.));
#1877=CARTESIAN_POINT('',(71.2019052838329,-26.6746824526946,-10.));
#1878=CARTESIAN_POINT('',(49.5512701892219,-14.1746824526945,-10.));
#1879=CARTESIAN_POINT('Origin',(0.,0.,0.));
#1880=CARTESIAN_POINT('Origin',(0.,0.,-10.));
#1881=CARTESIAN_POINT('',(12.5,73.9509972887452,-10.));
#1882=CARTESIAN_POINT('',(12.5,73.9509972887452,0.));
#1883=CARTESIAN_POINT('',(-12.5,73.9509972887452,-10.));
#1884=CARTESIAN_POINT('Origin',(0.,0.,-10.));
#1885=CARTESIAN_POINT('',(-12.5,73.9509972887452,0.));
#1886=CARTESIAN_POINT('',(-75.,-9.18485099360515E-15,-8.));
#1887=CARTESIAN_POINT('',(-75.,9.18485099360515E-15,0.));
#1888=CARTESIAN_POINT('Origin',(0.,0.,-8.));
#1889=CARTESIAN_POINT('',(-70.2934422872475,-26.1501810970671,-10.));
#1890=CARTESIAN_POINT('',(-70.2934422872475,-26.1501810970671,0.));
#1891=CARTESIAN_POINT('',(-57.7934422872475,-47.8008161916781,-10.));
#1892=CARTESIAN_POINT('Origin',(0.,0.,-10.));
#1893=CARTESIAN_POINT('',(-57.7934422872475,-47.8008161916781,0.));
#1894=CARTESIAN_POINT('Origin',(12.5,75.,-14.));
#1895=CARTESIAN_POINT('',(12.5,50.,-14.));
#1896=CARTESIAN_POINT('',(12.5,75.,-14.));
#1897=CARTESIAN_POINT('',(12.5,50.,-10.));
#1898=CARTESIAN_POINT('',(12.5,50.,-14.));
#1899=CARTESIAN_POINT('',(12.5,75.,-10.));
#1900=CARTESIAN_POINT('Origin',(-12.5,75.,-14.));
#1901=CARTESIAN_POINT('',(-12.5,50.,-14.));
#1902=CARTESIAN_POINT('',(-12.5,75.,-14.));
#1903=CARTESIAN_POINT('',(-12.5,50.,-14.));
#1904=CARTESIAN_POINT('Origin',(0.,0.,-20.));
#1905=CARTESIAN_POINT('Origin',(0.,0.,-8.));
#1906=CARTESIAN_POINT('',(-67.,8.20513355428727E-15,0.));
#1907=CARTESIAN_POINT('Origin',(0.,0.,0.));
#1908=CARTESIAN_POINT('Origin',(-67.,-8.20513355428727E-15,-8.));
#1909=CARTESIAN_POINT('Origin',(0.,0.,0.));
#1910=CARTESIAN_POINT('Origin',(58.7019052838329,-48.3253175473055,-10.));
#1911=CARTESIAN_POINT('',(37.0512701892219,-35.8253175473055,-10.));
#1912=CARTESIAN_POINT('Origin',(43.3012701892219,-25.,-12.));
#1913=CARTESIAN_POINT('Origin',(-58.7019052838329,-48.3253175473055,-14.));
#1914=CARTESIAN_POINT('',(-37.0512701892219,-35.8253175473055,-14.));
#1915=CARTESIAN_POINT('',(-58.7019052838329,-48.3253175473055,-14.));
#1916=CARTESIAN_POINT('',(-49.5512701892219,-14.1746824526945,-14.));
#1917=CARTESIAN_POINT('',(-37.0512701892219,-35.8253175473055,-14.));
#1918=CARTESIAN_POINT('',(-71.2019052838329,-26.6746824526945,-14.));
#1919=CARTESIAN_POINT('Origin',(-71.2019052838329,-26.6746824526945,-14.));
#1920=CARTESIAN_POINT('',(-49.5512701892219,-14.1746824526945,-10.));
#1921=CARTESIAN_POINT('',(-49.5512701892219,-14.1746824526945,-14.));
#1922=CARTESIAN_POINT('',(-71.2019052838329,-26.6746824526945,-10.));
#1923=CARTESIAN_POINT('Origin',(-58.7019052838329,-48.3253175473055,-10.));
#1924=CARTESIAN_POINT('',(-37.0512701892219,-35.8253175473055,-10.));
#1925=CARTESIAN_POINT('',(-58.7019052838329,-48.3253175473055,-10.));
#1926=CARTESIAN_POINT('',(-37.0512701892219,-35.8253175473055,-10.));
#1927=CARTESIAN_POINT('Origin',(-71.2019052838329,-26.6746824526945,-10.));
#1928=CARTESIAN_POINT('',(-49.5512701892219,-14.1746824526945,-10.));
#1929=CARTESIAN_POINT('Origin',(-43.3012701892219,-25.,-12.));
#1930=CARTESIAN_POINT('Origin',(-12.5,75.,-10.));
#1931=CARTESIAN_POINT('',(-12.5,50.,-10.));
#1932=CARTESIAN_POINT('',(-12.5,75.,-10.));
#1933=CARTESIAN_POINT('',(-12.5,50.,-10.));
#1934=CARTESIAN_POINT('Origin',(12.5,75.,-10.));
#1935=CARTESIAN_POINT('',(12.5,50.,-10.));
#1936=CARTESIAN_POINT('Origin',(0.,50.,-12.));
#1937=CARTESIAN_POINT('',(0.,0.,0.));
#1938=CARTESIAN_POINT('Origin',(42.6261533066586,46.4138145004213,-3.875));
#1939=CARTESIAN_POINT('',(44.2213847747264,40.629764313633,-3.875));
#1940=CARTESIAN_POINT('',(44.1881507858084,40.7502653591911,-4.));
#1941=CARTESIAN_POINT('Origin',(44.1881507858084,40.7502653591911,-3.875));
#1942=CARTESIAN_POINT('',(48.4748984262825,46.9686167405717,-4.));
#1943=CARTESIAN_POINT('Origin',(42.6261533066586,46.4138145004213,-4.));
#1944=CARTESIAN_POINT('',(48.5993398118064,46.9804210435536,-3.875));
#1945=CARTESIAN_POINT('Origin',(48.4748984262825,46.9686167405717,-3.875));
#1946=CARTESIAN_POINT('Origin',(42.6261533066586,46.4138145004213,-3.875));
#1947=CARTESIAN_POINT('Origin',(24.9995809299865,294.446255981669,-3.875));
#1948=CARTESIAN_POINT('',(16.4371231068471,384.711993537992,-4.));
#1949=CARTESIAN_POINT('',(16.561564492371,384.723797840974,-3.875));
#1950=CARTESIAN_POINT('Origin',(16.4371231068471,384.711993537992,-3.875));
#1951=CARTESIAN_POINT('',(25.1240223155104,294.458060284651,-3.875));
#1952=CARTESIAN_POINT('',(24.9995809299865,294.446255981669,-4.));
#1953=CARTESIAN_POINT('Origin',(8.59731581884065,383.968322450131,-3.875));
#1954=CARTESIAN_POINT('',(8.59731581884065,391.843322450131,-4.));
#1955=CARTESIAN_POINT('',(8.59731581884065,391.968322450131,-3.875));
#1956=CARTESIAN_POINT('Origin',(8.59731581884065,391.843322450131,-3.875));
#1957=CARTESIAN_POINT('Origin',(8.59731581884065,383.968322450131,-3.875));
#1958=CARTESIAN_POINT('Origin',(8.59731581884065,383.968322450131,-4.));
#1959=CARTESIAN_POINT('Origin',(-21.6256390700648,391.843322450131,-3.875));
#1960=CARTESIAN_POINT('',(-26.8485939589702,391.843322450131,-4.));
#1961=CARTESIAN_POINT('',(-26.8485939589702,391.968322450131,-3.875));
#1962=CARTESIAN_POINT('Origin',(-26.8485939589702,391.843322450131,-3.875));
#1963=CARTESIAN_POINT('',(-21.6256390700648,391.968322450131,-3.875));
#1964=CARTESIAN_POINT('',(-21.6256390700648,391.843322450131,-4.));
#1965=CARTESIAN_POINT('Origin',(-26.8485939589702,383.968322450131,-3.875));
#1966=CARTESIAN_POINT('',(-34.6884012469767,384.711993537992,-4.));
#1967=CARTESIAN_POINT('',(-34.8128426325006,384.723797840974,-3.875));
#1968=CARTESIAN_POINT('Origin',(-34.6884012469767,384.711993537992,-3.875));
#1969=CARTESIAN_POINT('Origin',(-26.8485939589702,383.968322450131,-3.875));
#1970=CARTESIAN_POINT('Origin',(-26.8485939589702,383.968322450131,-4.));
#1971=CARTESIAN_POINT('Origin',(-59.8510681817342,119.446255981669,-3.875));
#1972=CARTESIAN_POINT('',(-66.7261765664121,46.9686167405716,-4.));
#1973=CARTESIAN_POINT('',(-66.850617951936,46.9804210435536,-3.875));
#1974=CARTESIAN_POINT('Origin',(-66.7261765664121,46.9686167405716,-3.875));
#1975=CARTESIAN_POINT('',(-59.9755095672581,119.458060284651,-3.875));
#1976=CARTESIAN_POINT('',(-59.8510681817342,119.446255981669,-4.));
#1977=CARTESIAN_POINT('Origin',(-60.8774314467882,46.4138145004213,-3.875));
#1978=CARTESIAN_POINT('',(-62.4394289259379,40.750265359191,-4.));
#1979=CARTESIAN_POINT('',(-62.472662914856,40.629764313633,-3.875));
#1980=CARTESIAN_POINT('Origin',(-62.4394289259379,40.750265359191,-3.875));
#1981=CARTESIAN_POINT('Origin',(-60.8774314467882,46.4138145004213,-3.875));
#1982=CARTESIAN_POINT('Origin',(-60.8774314467882,46.4138145004213,-4.));
#1983=CARTESIAN_POINT('Origin',(-35.4814819907321,33.3153082138034,-3.875));
#1984=CARTESIAN_POINT('',(-23.4971736130789,30.0100557990285,-4.));
#1985=CARTESIAN_POINT('',(-23.530407601997,29.8895547534704,-3.875));
#1986=CARTESIAN_POINT('Origin',(-23.4971736130789,30.0100557990285,-3.875));
#1987=CARTESIAN_POINT('',(-35.5147159796502,33.1948071682453,-3.875));
#1988=CARTESIAN_POINT('',(-35.4814819907321,33.3153082138034,-4.));
#1989=CARTESIAN_POINT('Origin',(-25.1256390700648,24.1055045666821,-3.875));
#1990=CARTESIAN_POINT('',(-19.0006390700648,24.1055045666821,-4.));
#1991=CARTESIAN_POINT('',(-19.1256390700648,24.1055045666821,-3.875));
#1992=CARTESIAN_POINT('Origin',(-19.0006390700648,24.1055045666821,-3.875));
#1993=CARTESIAN_POINT('Origin',(-25.1256390700648,24.1055045666821,-3.875));
#1994=CARTESIAN_POINT('Origin',(-25.1256390700648,24.1055045666821,-4.));
#1995=CARTESIAN_POINT('Origin',(-19.0006390700648,93.2481257747072,-3.875));
#1996=CARTESIAN_POINT('',(-19.0006390700648,-0.325273117100764,-4.));
#1997=CARTESIAN_POINT('',(-19.1256390700648,-0.32527311710077,-3.875));
#1998=CARTESIAN_POINT('Origin',(-19.0006390700648,-0.325273117100764,-3.875));
#1999=CARTESIAN_POINT('',(-19.1256390700648,93.2481257747072,-3.875));
#2000=CARTESIAN_POINT('',(-19.0006390700648,93.2481257747072,-4.));
#2001=CARTESIAN_POINT('Origin',(-13.1256390700648,-0.32527311710077,-3.875));
#2002=CARTESIAN_POINT('',(-13.1256390700648,-6.20027311710077,-4.));
#2003=CARTESIAN_POINT('',(-13.1256390700648,-6.32527311710077,-3.875));
#2004=CARTESIAN_POINT('Origin',(-13.1256390700648,-6.20027311710077,-3.875));
#2005=CARTESIAN_POINT('Origin',(-13.1256390700648,-0.32527311710077,-3.875));
#2006=CARTESIAN_POINT('Origin',(-13.1256390700648,-0.32527311710077,-4.));
#2007=CARTESIAN_POINT('Origin',(-4.12563907006474,-6.20027311710077,-3.875));
#2008=CARTESIAN_POINT('',(-5.12563907006478,-6.20027311710077,-4.));
#2009=CARTESIAN_POINT('',(-5.12563907006478,-6.32527311710077,-3.875));
#2010=CARTESIAN_POINT('Origin',(-5.12563907006478,-6.20027311710077,-3.875));
#2011=CARTESIAN_POINT('',(-4.12563907006474,-6.32527311710077,-3.875));
#2012=CARTESIAN_POINT('',(-4.12563907006474,-6.20027311710077,-4.));
#2013=CARTESIAN_POINT('Origin',(-5.12563907006478,-0.325273117100766,-3.875));
#2014=CARTESIAN_POINT('',(0.749360929935218,-0.325273117100765,-4.));
#2015=CARTESIAN_POINT('',(0.874360929935217,-0.325273117100764,-3.875));
#2016=CARTESIAN_POINT('Origin',(0.749360929935218,-0.325273117100765,-3.875));
#2017=CARTESIAN_POINT('Origin',(-5.12563907006478,-0.325273117100766,-3.875));
#2018=CARTESIAN_POINT('Origin',(-5.12563907006478,-0.325273117100766,-4.));
#2019=CARTESIAN_POINT('Origin',(0.749360929935187,110.748125774707,-3.875));
#2020=CARTESIAN_POINT('',(0.749360929935211,24.1055045666821,-4.));
#2021=CARTESIAN_POINT('',(0.874360929935211,24.1055045666821,-3.875));
#2022=CARTESIAN_POINT('Origin',(0.749360929935211,24.1055045666821,-3.875));
#2023=CARTESIAN_POINT('',(0.874360929935186,110.748125774707,-3.875));
#2024=CARTESIAN_POINT('',(0.749360929935187,110.748125774707,-4.));
#2025=CARTESIAN_POINT('Origin',(6.87436092993522,24.1055045666821,-3.875));
#2026=CARTESIAN_POINT('',(5.24589547294932,30.0100557990285,-4.));
#2027=CARTESIAN_POINT('',(5.2791294618674,29.8895547534705,-3.875));
#2028=CARTESIAN_POINT('Origin',(5.24589547294932,30.0100557990285,-3.875));
#2029=CARTESIAN_POINT('Origin',(6.87436092993522,24.1055045666821,-3.875));
#2030=CARTESIAN_POINT('Origin',(6.87436092993522,24.1055045666821,-4.));
#2031=CARTESIAN_POINT('Origin',(41.3304129622207,39.9621059974194,-3.875));
#2032=CARTESIAN_POINT('',(41.3304129622207,39.9621059974194,-4.));
#2033=CARTESIAN_POINT('',(41.3636469511387,39.8416049518613,-3.875));
#2034=CARTESIAN_POINT('Origin',(-19.1256390700648,-6.32527311710077,0.));
#2035=CARTESIAN_POINT('',(-19.1256390700648,-0.32527311710077,-0.125));
#2036=CARTESIAN_POINT('',(-19.1256390700648,-0.32527311710077,0.));
#2037=CARTESIAN_POINT('',(-19.1256390700648,24.1055045666821,-0.125));
#2038=CARTESIAN_POINT('',(-19.1256390700648,93.2481257747072,-0.125));
#2039=CARTESIAN_POINT('',(-19.1256390700648,24.1055045666821,0.));
#2040=CARTESIAN_POINT('Origin',(-13.1256390700648,-0.32527311710077,0.));
#2041=CARTESIAN_POINT('',(-13.1256390700648,-6.32527311710077,-0.125));
#2042=CARTESIAN_POINT('',(-13.1256390700648,-6.32527311710077,0.));
#2043=CARTESIAN_POINT('Origin',(-13.1256390700648,-0.32527311710077,-0.125));
#2044=CARTESIAN_POINT('Origin',(0.874360929935221,-6.32527311710076,0.));
#2045=CARTESIAN_POINT('',(-5.12563907006478,-6.32527311710077,-0.125));
#2046=CARTESIAN_POINT('',(-5.12563907006478,-6.32527311710077,0.));
#2047=CARTESIAN_POINT('',(-4.12563907006474,-6.32527311710077,-0.125));
#2048=CARTESIAN_POINT('Origin',(-5.12563907006478,-0.325273117100766,0.));
#2049=CARTESIAN_POINT('',(0.874360929935217,-0.325273117100764,-0.125));
#2050=CARTESIAN_POINT('',(0.874360929935217,-0.325273117100764,0.));
#2051=CARTESIAN_POINT('Origin',(-5.12563907006478,-0.325273117100766,-0.125));
#2052=CARTESIAN_POINT('Origin',(0.87436092993521,28.6747268828992,0.));
#2053=CARTESIAN_POINT('',(0.874360929935211,24.1055045666821,-0.125));
#2054=CARTESIAN_POINT('',(0.874360929935211,24.1055045666821,0.));
#2055=CARTESIAN_POINT('',(0.874360929935186,110.748125774707,-0.125));
#2056=CARTESIAN_POINT('Origin',(6.87436092993522,24.1055045666821,0.));
#2057=CARTESIAN_POINT('',(5.2791294618674,29.8895547534705,-0.125));
#2058=CARTESIAN_POINT('',(5.2791294618674,29.8895547534705,0.));
#2059=CARTESIAN_POINT('Origin',(6.87436092993522,24.1055045666821,-0.125));
#2060=CARTESIAN_POINT('Origin',(49.0747791531713,41.9683224501311,0.));
#2061=CARTESIAN_POINT('',(44.2213847747264,40.629764313633,-0.125));
#2062=CARTESIAN_POINT('',(44.2213847747264,40.629764313633,0.));
#2063=CARTESIAN_POINT('',(41.3636469511387,39.8416049518613,-0.125));
#2064=CARTESIAN_POINT('Origin',(42.6261533066586,46.4138145004213,0.));
#2065=CARTESIAN_POINT('',(48.5993398118064,46.9804210435536,-0.125));
#2066=CARTESIAN_POINT('',(48.5993398118064,46.9804210435536,0.));
#2067=CARTESIAN_POINT('Origin',(42.6261533066586,46.4138145004213,-0.125));
#2068=CARTESIAN_POINT('Origin',(-9.12563907006479,192.821524666515,-4.));
#2069=CARTESIAN_POINT('Origin',(8.59731581884065,383.968322450131,-0.125));
#2070=CARTESIAN_POINT('',(8.59731581884065,391.968322450131,-0.125));
#2071=CARTESIAN_POINT('',(8.59731581884065,391.843322450131,0.));
#2072=CARTESIAN_POINT('Origin',(8.59731581884065,391.843322450131,-0.125));
#2073=CARTESIAN_POINT('',(16.4371231068471,384.711993537992,0.));
#2074=CARTESIAN_POINT('Origin',(8.59731581884065,383.968322450131,0.));
#2075=CARTESIAN_POINT('',(16.561564492371,384.723797840974,-0.125));
#2076=CARTESIAN_POINT('Origin',(16.4371231068471,384.711993537992,-0.125));
#2077=CARTESIAN_POINT('Origin',(8.59731581884065,383.968322450131,-0.125));
#2078=CARTESIAN_POINT('Origin',(24.9995809299865,294.446255981669,-0.125));
#2079=CARTESIAN_POINT('',(48.4748984262825,46.9686167405717,0.));
#2080=CARTESIAN_POINT('Origin',(48.4748984262825,46.9686167405717,-0.125));
#2081=CARTESIAN_POINT('',(25.1240223155104,294.458060284651,-0.125));
#2082=CARTESIAN_POINT('',(24.9995809299865,294.446255981669,0.));
#2083=CARTESIAN_POINT('Origin',(42.6261533066586,46.4138145004213,-0.125));
#2084=CARTESIAN_POINT('',(44.1881507858084,40.7502653591911,0.));
#2085=CARTESIAN_POINT('Origin',(44.1881507858084,40.7502653591911,-0.125));
#2086=CARTESIAN_POINT('Origin',(42.6261533066586,46.4138145004213,0.));
#2087=CARTESIAN_POINT('Origin',(41.3304129622207,39.9621059974194,-0.125));
#2088=CARTESIAN_POINT('',(5.24589547294932,30.0100557990285,0.));
#2089=CARTESIAN_POINT('Origin',(5.24589547294932,30.0100557990285,-0.125));
#2090=CARTESIAN_POINT('',(41.3304129622207,39.9621059974194,0.));
#2091=CARTESIAN_POINT('Origin',(6.87436092993522,24.1055045666821,-0.125));
#2092=CARTESIAN_POINT('',(0.749360929935221,24.1055045666821,0.));
#2093=CARTESIAN_POINT('Origin',(0.749360929935221,24.1055045666821,-0.125));
#2094=CARTESIAN_POINT('Origin',(6.87436092993522,24.1055045666821,0.));
#2095=CARTESIAN_POINT('Origin',(0.749360929935187,110.748125774707,-0.125));
#2096=CARTESIAN_POINT('',(0.749360929935218,-0.325273117100764,0.));
#2097=CARTESIAN_POINT('Origin',(0.749360929935218,-0.325273117100764,-0.125));
#2098=CARTESIAN_POINT('',(0.749360929935187,110.748125774707,0.));
#2099=CARTESIAN_POINT('Origin',(-5.12563907006478,-0.325273117100766,-0.125));
#2100=CARTESIAN_POINT('',(-5.12563907006478,-6.20027311710077,0.));
#2101=CARTESIAN_POINT('Origin',(-5.12563907006478,-6.20027311710077,-0.125));
#2102=CARTESIAN_POINT('Origin',(-5.12563907006478,-0.325273117100766,0.));
#2103=CARTESIAN_POINT('Origin',(-4.12563907006474,-6.20027311710077,-0.125));
#2104=CARTESIAN_POINT('',(-13.1256390700648,-6.20027311710077,0.));
#2105=CARTESIAN_POINT('Origin',(-13.1256390700648,-6.20027311710077,-0.125));
#2106=CARTESIAN_POINT('',(-4.12563907006474,-6.20027311710077,0.));
#2107=CARTESIAN_POINT('Origin',(-13.1256390700648,-0.32527311710077,-0.125));
#2108=CARTESIAN_POINT('',(-19.0006390700648,-0.325273117100771,0.));
#2109=CARTESIAN_POINT('Origin',(-19.0006390700648,-0.325273117100771,-0.125));
#2110=CARTESIAN_POINT('Origin',(-13.1256390700648,-0.32527311710077,0.));
#2111=CARTESIAN_POINT('Origin',(-19.0006390700648,93.2481257747072,-0.125));
#2112=CARTESIAN_POINT('',(-19.0006390700648,24.1055045666821,0.));
#2113=CARTESIAN_POINT('Origin',(-19.0006390700648,24.1055045666821,-0.125));
#2114=CARTESIAN_POINT('',(-19.0006390700648,93.2481257747072,0.));
#2115=CARTESIAN_POINT('Origin',(-25.1256390700648,24.1055045666821,-0.125));
#2116=CARTESIAN_POINT('',(-23.4971736130789,30.0100557990285,0.));
#2117=CARTESIAN_POINT('',(-23.530407601997,29.8895547534704,-0.125));
#2118=CARTESIAN_POINT('Origin',(-23.4971736130789,30.0100557990285,-0.125));
#2119=CARTESIAN_POINT('Origin',(-25.1256390700648,24.1055045666821,-0.125));
#2120=CARTESIAN_POINT('Origin',(-25.1256390700648,24.1055045666821,0.));
#2121=CARTESIAN_POINT('Origin',(-35.4814819907321,33.3153082138034,-0.125));
#2122=CARTESIAN_POINT('',(-62.4394289259379,40.7502653591911,0.));
#2123=CARTESIAN_POINT('',(-62.472662914856,40.629764313633,-0.125));
#2124=CARTESIAN_POINT('Origin',(-62.4394289259379,40.7502653591911,-0.125));
#2125=CARTESIAN_POINT('',(-35.5147159796502,33.1948071682453,-0.125));
#2126=CARTESIAN_POINT('',(-35.4814819907321,33.3153082138034,0.));
#2127=CARTESIAN_POINT('Origin',(-60.8774314467882,46.4138145004213,-0.125));
#2128=CARTESIAN_POINT('',(-66.7261765664121,46.9686167405716,0.));
#2129=CARTESIAN_POINT('',(-66.850617951936,46.9804210435536,-0.125));
#2130=CARTESIAN_POINT('Origin',(-66.7261765664121,46.9686167405716,-0.125));
#2131=CARTESIAN_POINT('Origin',(-60.8774314467882,46.4138145004213,-0.125));
#2132=CARTESIAN_POINT('Origin',(-60.8774314467882,46.4138145004213,0.));
#2133=CARTESIAN_POINT('Origin',(-59.8510681817342,119.446255981669,-0.125));
#2134=CARTESIAN_POINT('',(-34.6884012469767,384.711993537992,0.));
#2135=CARTESIAN_POINT('',(-34.8128426325006,384.723797840974,-0.125));
#2136=CARTESIAN_POINT('Origin',(-34.6884012469767,384.711993537992,-0.125));
#2137=CARTESIAN_POINT('',(-59.9755095672581,119.458060284651,-0.125));
#2138=CARTESIAN_POINT('',(-59.8510681817342,119.446255981669,0.));
#2139=CARTESIAN_POINT('Origin',(-26.8485939589702,383.968322450131,-0.125));
#2140=CARTESIAN_POINT('',(-26.8485939589702,391.843322450131,0.));
#2141=CARTESIAN_POINT('',(-26.8485939589702,391.968322450131,-0.125));
#2142=CARTESIAN_POINT('Origin',(-26.8485939589702,391.843322450131,-0.125));
#2143=CARTESIAN_POINT('Origin',(-26.8485939589702,383.968322450131,-0.125));
#2144=CARTESIAN_POINT('Origin',(-26.8485939589702,383.968322450131,0.));
#2145=CARTESIAN_POINT('Origin',(-21.6256390700648,391.843322450131,-0.125));
#2146=CARTESIAN_POINT('',(-21.6256390700648,391.843322450131,0.));
#2147=CARTESIAN_POINT('',(-21.6256390700648,391.968322450131,-0.125));
#2148=CARTESIAN_POINT('Origin',(-25.1256390700648,24.1055045666821,0.));
#2149=CARTESIAN_POINT('',(-23.530407601997,29.8895547534704,0.));
#2150=CARTESIAN_POINT('Origin',(-19.1256390700648,28.6747268828992,0.));
#2151=CARTESIAN_POINT('',(-62.472662914856,40.629764313633,0.));
#2152=CARTESIAN_POINT('Origin',(-60.8774314467882,46.4138145004213,0.));
#2153=CARTESIAN_POINT('',(-66.850617951936,46.9804210435536,0.));
#2154=CARTESIAN_POINT('Origin',(-67.3260572933009,41.9683224501311,0.));
#2155=CARTESIAN_POINT('',(-34.8128426325006,384.723797840974,0.));
#2156=CARTESIAN_POINT('Origin',(-26.8485939589702,383.968322450131,0.));
#2157=CARTESIAN_POINT('',(-26.8485939589702,391.968322450131,0.));
#2158=CARTESIAN_POINT('Origin',(-34.1256390700648,391.968322450131,0.));
#2159=CARTESIAN_POINT('',(8.59731581884065,391.968322450131,0.));
#2160=CARTESIAN_POINT('Origin',(8.59731581884065,383.968322450131,0.));
#2161=CARTESIAN_POINT('',(16.561564492371,384.723797840974,0.));
#2162=CARTESIAN_POINT('Origin',(-9.12563907006479,192.821524666515,0.));
#2163=CARTESIAN_POINT('Origin',(15.8743609299352,391.968322450131,0.));
#2164=CARTESIAN_POINT('',(0.,0.,0.));
#2165=CARTESIAN_POINT('Origin',(-9.12563907006479,-56.3252731171008,10.));
#2166=CARTESIAN_POINT('',(-13.7506390700648,-48.3145381320947,90.));
#2167=CARTESIAN_POINT('Origin',(-9.12563907006479,-56.3252731171008,90.));
#2168=CARTESIAN_POINT('',(-13.7506390700648,-48.3145381320947,10.));
#2169=CARTESIAN_POINT('',(-13.7506390700648,-48.3145381320947,10.));
#2170=CARTESIAN_POINT('Origin',(-9.12563907006479,-56.3252731171008,10.));
#2171=CARTESIAN_POINT('Origin',(-9.12563907006479,-56.3252731171008,90.));
#2172=CARTESIAN_POINT('Origin',(-9.12563907006479,-56.3252731171008,10.));
#2173=CARTESIAN_POINT('',(-42.7669888502497,182.477576726831,96.3144014219037));
#2174=CARTESIAN_POINT('',(10.5749480792888,202.737178024937,106.314401421904));
#2175=CARTESIAN_POINT('',(19.7005871493536,259.062451142038,96.3144014219038));
#2176=CARTESIAN_POINT('',(54.7912459387624,166.671506205943,96.3144014219037));
#2177=CARTESIAN_POINT('',(40.1119831977541,153.917333324614,196.314401421903));
#2178=UNCERTAINTY_MEASURE_WITH_UNIT(LENGTH_MEASURE(0.01),#2188,
'DISTANCE_ACCURACY_VALUE',
'Maximum model space distance between geometric entities at asserted c
onnectivities');
#2179=UNCERTAINTY_MEASURE_WITH_UNIT(LENGTH_MEASURE(0.01),#2188,
'DISTANCE_ACCURACY_VALUE',
'Maximum model space distance between geometric entities at asserted c
onnectivities');
#2180=UNCERTAINTY_MEASURE_WITH_UNIT(LENGTH_MEASURE(0.01),#2188,
'DISTANCE_ACCURACY_VALUE',
'Maximum model space distance between geometric entities at asserted c
onnectivities');
#2181=UNCERTAINTY_MEASURE_WITH_UNIT(LENGTH_MEASURE(0.01),#2188,
'DISTANCE_ACCURACY_VALUE',
'Maximum model space distance between geometric entities at asserted c
onnectivities');
#2182=UNCERTAINTY_MEASURE_WITH_UNIT(LENGTH_MEASURE(0.01),#2188,
'DISTANCE_ACCURACY_VALUE',
'Maximum model space distance between geometric entities at asserted c
onnectivities');
#2183=(
GEOMETRIC_REPRESENTATION_CONTEXT(3)
GLOBAL_UNCERTAINTY_ASSIGNED_CONTEXT((#2178))
GLOBAL_UNIT_ASSIGNED_CONTEXT((#2188,#2190,#2191))
REPRESENTATION_CONTEXT('','3D')
);
#2184=(
GEOMETRIC_REPRESENTATION_CONTEXT(3)
GLOBAL_UNCERTAINTY_ASSIGNED_CONTEXT((#2179))
GLOBAL_UNIT_ASSIGNED_CONTEXT((#2188,#2190,#2191))
REPRESENTATION_CONTEXT('','3D')
);
#2185=(
GEOMETRIC_REPRESENTATION_CONTEXT(3)
GLOBAL_UNCERTAINTY_ASSIGNED_CONTEXT((#2180))
GLOBAL_UNIT_ASSIGNED_CONTEXT((#2188,#2190,#2191))
REPRESENTATION_CONTEXT('','3D')
);
#2186=(
GEOMETRIC_REPRESENTATION_CONTEXT(3)
GLOBAL_UNCERTAINTY_ASSIGNED_CONTEXT((#2181))
GLOBAL_UNIT_ASSIGNED_CONTEXT((#2188,#2190,#2191))
REPRESENTATION_CONTEXT('','3D')
);
#2187=(
GEOMETRIC_REPRESENTATION_CONTEXT(3)
GLOBAL_UNCERTAINTY_ASSIGNED_CONTEXT((#2182))
GLOBAL_UNIT_ASSIGNED_CONTEXT((#2188,#2190,#2191))
REPRESENTATION_CONTEXT('','3D')
);
#2188=(
LENGTH_UNIT()
NAMED_UNIT(*)
SI_UNIT(.MILLI.,.METRE.)
);
#2189=(
LENGTH_UNIT()
NAMED_UNIT(*)
SI_UNIT($,.METRE.)
);
#2190=(
NAMED_UNIT(*)
PLANE_ANGLE_UNIT()
SI_UNIT($,.RADIAN.)
);
#2191=(
NAMED_UNIT(*)
SI_UNIT($,.STERADIAN.)
SOLID_ANGLE_UNIT()
);
#2192=SHAPE_DEFINITION_REPRESENTATION(#2196,#2205);
#2193=SHAPE_DEFINITION_REPRESENTATION(#2197,#2206);
#2194=SHAPE_DEFINITION_REPRESENTATION(#2198,#2207);
#2195=SHAPE_DEFINITION_REPRESENTATION(#2199,#2208);
#2196=PRODUCT_DEFINITION_SHAPE('',$,#2210);
#2197=PRODUCT_DEFINITION_SHAPE('',$,#2211);
#2198=PRODUCT_DEFINITION_SHAPE('',$,#2212);
#2199=PRODUCT_DEFINITION_SHAPE('',$,#2213);
#2200=PRODUCT_DEFINITION_SHAPE($,$,#26);
#2201=PRODUCT_DEFINITION_SHAPE($,$,#27);
#2202=PRODUCT_DEFINITION_SHAPE($,$,#28);
#2203=PRODUCT_DEFINITION_SHAPE($,$,#29);
#2204=PRODUCT_DEFINITION_SHAPE($,$,#30);
#2205=SHAPE_REPRESENTATION('',(#1225,#1384,#1385,#1386,#1387,#1388),#2183);
#2206=SHAPE_REPRESENTATION('',(#1226),#2184);
#2207=SHAPE_REPRESENTATION('',(#1263),#2185);
#2208=SHAPE_REPRESENTATION('',(#1378),#2186);
#2209=PRODUCT_DEFINITION_CONTEXT('part definition',#2223,'design');
#2210=PRODUCT_DEFINITION('2026-03-22-21-24-57-031','Ceiling Fan',#2214,
#2209);
#2211=PRODUCT_DEFINITION('2026-03-22-21-37-14-324','Circular ring',#2215,
#2209);
#2212=PRODUCT_DEFINITION('2026-03-22-21-38-04-860','blade',#2216,#2209);
#2213=PRODUCT_DEFINITION('2026-03-22-21-56-55-715','ConRod',#2217,#2209);
#2214=PRODUCT_DEFINITION_FORMATION('',$,#2225);
#2215=PRODUCT_DEFINITION_FORMATION('',$,#2226);
#2216=PRODUCT_DEFINITION_FORMATION('',$,#2227);
#2217=PRODUCT_DEFINITION_FORMATION('',$,#2228);
#2218=PRODUCT_RELATED_PRODUCT_CATEGORY('Ceiling Fan','Ceiling Fan',(#2225));
#2219=PRODUCT_RELATED_PRODUCT_CATEGORY('Circular ring','Circular ring',
(#2226));
#2220=PRODUCT_RELATED_PRODUCT_CATEGORY('blade','blade',(#2227));
#2221=PRODUCT_RELATED_PRODUCT_CATEGORY('ConRod','ConRod',(#2228));
#2222=APPLICATION_PROTOCOL_DEFINITION('international standard',
'automotive_design',2009,#2223);
#2223=APPLICATION_CONTEXT(
'Core Data for Automotive Mechanical Design Process');
#2224=PRODUCT_CONTEXT('part definition',#2223,'mechanical');
#2225=PRODUCT('2026-03-22-21-24-57-031','Ceiling Fan',$,(#2224));
#2226=PRODUCT('2026-03-22-21-37-14-324','Circular ring',$,(#2224));
#2227=PRODUCT('2026-03-22-21-38-04-860','blade',$,(#2224));
#2228=PRODUCT('2026-03-22-21-56-55-715','ConRod',$,(#2224));
#2229=PRESENTATION_STYLE_ASSIGNMENT((#2230));
#2230=SURFACE_STYLE_USAGE(.BOTH.,#2231);
#2231=SURFACE_SIDE_STYLE('',(#2232));
#2232=SURFACE_STYLE_FILL_AREA(#2233);
#2233=FILL_AREA_STYLE('Steel - Satin',(#2234));
#2234=FILL_AREA_STYLE_COLOUR('Steel - Satin',#2235);
#2235=COLOUR_RGB('Steel - Satin',0.627450980392157,0.627450980392157,0.627450980392157);
ENDSEC;
END-ISO-10303-21;
